system:index,DSM,cell_id,.geo
00000000000000000000,5.302982694184578,73.0,"{""type"":""Polygon"",""coordinates"":[[[-43.15859072912686,-22.77606675168383],[-43.153718872031384,-22.776010490224333],[-43.15377964653597,-22.77149279374065],[-43.15865134990587,-22.77154905652787],[-43.15859072912686,-22.77606675168383]]]}"
00000000000000000001,8.639673930083097,52.0,"{""type"":""Polygon"",""coordinates"":[[[-43.178003838032815,-22.780803655708628],[-43.17313178742082,-22.78074787972765],[-43.173191873371366,-22.776234633643316],[-43.17806377037501,-22.77629033813878],[-43.178003838032815,-22.780803655708628]]]}"
00000000000000000002,15.100132455319876,71.0,"{""type"":""Polygon"",""coordinates"":[[[-43.15859072912686,-22.77606675168383],[-43.16345775429992,-22.776122873648436],[-43.163397287140555,-22.780636146517008],[-43.15853010827497,-22.780580025468264],[-43.15859072912686,-22.77606675168383]]]}"
00000000000000000003,1.2900332079925174,149.0,"{""type"":""Polygon"",""coordinates"":[[[-43.23150084814335,-22.785919780408467],[-43.22663331091646,-22.785865671323485],[-43.226691634974586,-22.78135229855342],[-43.23155909273046,-22.78140631191953],[-43.23150084814335,-22.785919780408467]]]}"
00000000000000000004,1.376391283900299,158.0,"{""type"":""Polygon"",""coordinates"":[[[-43.22663331091646,-22.785865671323485],[-43.22176094585565,-22.78581142579861],[-43.22181942323882,-22.781298050996497],[-43.226691634974586,-22.78135229855342],[-43.22663331091646,-22.785865671323485]]]}"
00000000000000000005,5.561229032763754,17.0,"{""type"":""Polygon"",""coordinates"":[[[-43.19255104221303,-22.785483071915337],[-43.18767877320066,-22.785427782672627],[-43.18773839849097,-22.78091451759857],[-43.19261051397749,-22.780969808402528],[-43.19255104221303,-22.785483071915337]]]}"
00000000000000000006,9.291407981217711,29.0,"{""type"":""Polygon"",""coordinates"":[[[-43.18767877320066,-22.785427782672627],[-43.182811352932625,-22.785372461868064],[-43.18287113177069,-22.780859122701877],[-43.18773839849097,-22.78091451759857],[-43.18767877320066,-22.785427782672627]]]}"
00000000000000000007,3.03133082234777,40.0,"{""type"":""Polygon"",""coordinates"":[[[-43.178003838032815,-22.780803655708628],[-43.18287113177069,-22.780859122701877],[-43.182811352932625,-22.785372461868064],[-43.17794390561932,-22.78531692322704],[-43.178003838032815,-22.780803655708628]]]}"
00000000000000000008,14.225458535820666,51.0,"{""type"":""Polygon"",""coordinates"":[[[-43.178003838032815,-22.780803655708628],[-43.17794390561932,-22.78531692322704],[-43.173071627492035,-22.785261173365836],[-43.17313178742082,-22.78074787972765],[-43.178003838032815,-22.780803655708628]]]}"
00000000000000000009,9.840766850176708,60.0,"{""type"":""Polygon"",""coordinates"":[[[-43.17313178742082,-22.78074787972765],[-43.173071627492035,-22.785261173365836],[-43.16820427392995,-22.785205367882604],[-43.168264513582784,-22.780692097942683],[-43.17313178742082,-22.78074787972765]]]}"
0000000000000000000a,17.26022435515156,66.0,"{""type"":""Polygon"",""coordinates"":[[[-43.163397287140555,-22.780636146517008],[-43.168264513582784,-22.780692097942683],[-43.16820427392995,-22.785205367882604],[-43.16333689382952,-22.785149344594426],[-43.163397287140555,-22.780636146517008]]]}"
0000000000000000000b,9.994978028876325,70.0,"{""type"":""Polygon"",""coordinates"":[[[-43.163397287140555,-22.780636146517008],[-43.16333689382952,-22.785149344594426],[-43.15846948735021,-22.78509324921757],[-43.15853010827497,-22.780580025468264],[-43.163397287140555,-22.780636146517008]]]}"
0000000000000000000c,4.331210191082804,72.0,"{""type"":""Polygon"",""coordinates"":[[[-43.15853010827497,-22.780580025468264],[-43.15846948735021,-22.78509324921757],[-43.15359732280255,-22.78503691708252],[-43.15365809745358,-22.78052369223913],[-43.15853010827497,-22.780580025468264]]]}"
0000000000000000000d,2.544422752183,148.0,"{""type"":""Polygon"",""coordinates"":[[[-43.23150084814335,-22.785919780408467],[-43.231442677309616,-22.79043317394848],[-43.2265749129626,-22.79037909150697],[-43.22663331091646,-22.785865671323485],[-43.23150084814335,-22.785919780408467]]]}"
0000000000000000000e,4.992462768459007,157.0,"{""type"":""Polygon"",""coordinates"":[[[-43.22663331091646,-22.785865671323485],[-43.2265749129626,-22.79037909150697],[-43.22170239456923,-22.790324848018546],[-43.22176094585565,-22.78581142579861],[-43.22663331091646,-22.785865671323485]]]}"
0000000000000000000f,5.729314057213162,169.0,"{""type"":""Polygon"",""coordinates"":[[[-43.22176094585565,-22.78581142579861],[-43.22170239456923,-22.790324848018546],[-43.21683464657985,-22.790270522993683],[-43.21689335122097,-22.785757099040953],[-43.22176094585565,-22.78581142579861]]]}"
00000000000000000010,2.241676082862523,178.0,"{""type"":""Polygon"",""coordinates"":[[[-43.21683464657985,-22.790270522993683],[-43.21196701802931,-22.790215930426243],[-43.21202587605266,-22.785702577626797],[-43.21689335122097,-22.785757099040953],[-43.21683464657985,-22.790270522993683]]]}"
00000000000000000011,5.835058786643673,16.0,"{""type"":""Polygon"",""coordinates"":[[[-43.19255104221303,-22.785483071915337],[-43.19249157037832,-22.789996430940786],[-43.187619073954494,-22.789941168036414],[-43.18767877320066,-22.785427782672627],[-43.19255104221303,-22.785483071915337]]]}"
00000000000000000012,16.61608045248243,28.0,"{""type"":""Polygon"",""coordinates"":[[[-43.18767877320066,-22.785427782672627],[-43.187619073954494,-22.789941168036414],[-43.18275150013121,-22.789885702817312],[-43.182811352932625,-22.785372461868064],[-43.18767877320066,-22.785427782672627]]]}"
00000000000000000013,11.906654111738852,39.0,"{""type"":""Polygon"",""coordinates"":[[[-43.182811352932625,-22.785372461868064],[-43.18275150013121,-22.789885702817312],[-43.177883899235006,-22.7898301653669],[-43.17794390561932,-22.78531692322704],[-43.182811352932625,-22.785372461868064]]]}"
00000000000000000014,32.21743846997964,50.0,"{""type"":""Polygon"",""coordinates"":[[[-43.17794390561932,-22.78531692322704],[-43.177883899235006,-22.7898301653669],[-43.17301154139809,-22.78977446495759],[-43.173071627492035,-22.785261173365836],[-43.17794390561932,-22.78531692322704]]]}"
00000000000000000015,42.11949705274919,59.0,"{""type"":""Polygon"",""coordinates"":[[[-43.173071627492035,-22.785261173365836],[-43.17301154139809,-22.78977446495759],[-43.168143960291296,-22.78971861244491],[-43.16820427392995,-22.785205367882604],[-43.173071627492035,-22.785261173365836]]]}"
00000000000000000016,38.16666562042926,65.0,"{""type"":""Polygon"",""coordinates"":[[[-43.16820427392995,-22.785205367882604],[-43.168143960291296,-22.78971861244491],[-43.1632764265252,-22.789662590148478],[-43.16333689382952,-22.785149344594426],[-43.16820427392995,-22.785205367882604]]]}"
00000000000000000017,12.962153170119262,69.0,"{""type"":""Polygon"",""coordinates"":[[[-43.16333689382952,-22.785149344594426],[-43.1632764265252,-22.789662590148478],[-43.15840894028068,-22.789606470944324],[-43.15846948735021,-22.78509324921757],[-43.16333689382952,-22.785149344594426]]]}"
00000000000000000018,4.268165297141879,131.0,"{""type"":""Polygon"",""coordinates"":[[[-43.241120181380815,-22.795058780352754],[-43.23625232145395,-22.795004917811703],[-43.23631041290411,-22.790487038372763],[-43.24117819339339,-22.79054080557457],[-43.241120181380815,-22.795058780352754]]]}"
00000000000000000019,4.456450367543205,139.0,"{""type"":""Polygon"",""coordinates"":[[[-43.231442677309616,-22.79043317394848],[-43.23631041290411,-22.790487038372763],[-43.23625232145395,-22.795004917811703],[-43.23138435876653,-22.794951080350877],[-43.231442677309616,-22.79043317394848]]]}"
0000000000000000001a,4.9132260717267595,147.0,"{""type"":""Polygon"",""coordinates"":[[[-43.231442677309616,-22.79043317394848],[-43.23138435876653,-22.794951080350877],[-43.22651651494085,-22.794896975233947],[-43.2265749129626,-22.79037909150697],[-43.231442677309616,-22.79043317394848]]]}"
0000000000000000001b,8.39263207399279,156.0,"{""type"":""Polygon"",""coordinates"":[[[-43.2265749129626,-22.79037909150697],[-43.22651651494085,-22.794896975233947],[-43.2216437693793,-22.794842686007122],[-43.22170239456923,-22.790324848018546],[-43.2265749129626,-22.79037909150697]]]}"
0000000000000000001c,6.9719897802246065,168.0,"{""type"":""Polygon"",""coordinates"":[[[-43.22170239456923,-22.790324848018546],[-43.2216437693793,-22.794842686007122],[-43.21677594187019,-22.794788338175692],[-43.21683464657985,-22.790270522993683],[-43.22170239456923,-22.790324848018546]]]}"
0000000000000000001d,8.472812303829256,177.0,"{""type"":""Polygon"",""coordinates"":[[[-43.21683464657985,-22.790270522993683],[-43.21677594187019,-22.794788338175692],[-43.21190808608749,-22.794733845108816],[-43.21196701802931,-22.790215930426243],[-43.21683464657985,-22.790270522993683]]]}"
0000000000000000001e,1.5229158175262583,186.0,"{""type"":""Polygon"",""coordinates"":[[[-43.21196701802931,-22.790215930426243],[-43.21190808608749,-22.794733845108816],[-43.207035401502054,-22.794679069738354],[-43.20709448686702,-22.79016129860542],[-43.21196701802931,-22.790215930426243]]]}"
0000000000000000001f,-0.47820164342973365,4.0,"{""type"":""Polygon"",""coordinates"":[[[-43.20216756304957,-22.794624261243154],[-43.197299770687,-22.794569355604228],[-43.19735916296984,-22.790051508166766],[-43.20222680185967,-22.790106488337674],[-43.20216756304957,-22.794624261243154]]]}"
00000000000000000020,2.9217258112103632,8.0,"{""type"":""Polygon"",""coordinates"":[[[-43.19249157037832,-22.789996430940786],[-43.19735916296984,-22.790051508166766],[-43.197299770687,-22.794569355604228],[-43.19243195071698,-22.794514231961546],[-43.19249157037832,-22.789996430940786]]]}"
00000000000000000021,3.7893400219470137,15.0,"{""type"":""Polygon"",""coordinates"":[[[-43.19249157037832,-22.789996430940786],[-43.19243195071698,-22.794514231961546],[-43.18755937463754,-22.794458873267633],[-43.187619073954494,-22.789941168036414],[-43.19249157037832,-22.789996430940786]]]}"
00000000000000000022,11.852943207427536,27.0,"{""type"":""Polygon"",""coordinates"":[[[-43.187619073954494,-22.789941168036414],[-43.18755937463754,-22.794458873267633],[-43.18269164725867,-22.794403482389598],[-43.18275150013121,-22.789885702817312],[-43.187619073954494,-22.789941168036414]]]}"
00000000000000000023,17.071098556183298,38.0,"{""type"":""Polygon"",""coordinates"":[[[-43.18275150013121,-22.789885702817312],[-43.18269164725867,-22.794403482389598],[-43.17782389277922,-22.794347946381887],[-43.177883899235006,-22.7898301653669],[-43.18275150013121,-22.789885702817312]]]}"
00000000000000000024,25.78913309296129,49.0,"{""type"":""Polygon"",""coordinates"":[[[-43.177883899235006,-22.7898301653669],[-43.17782389277922,-22.794347946381887],[-43.17295130741899,-22.794292199506216],[-43.17301154139809,-22.78977446495759],[-43.177883899235006,-22.7898301653669]]]}"
00000000000000000025,11.249107036365116,58.0,"{""type"":""Polygon"",""coordinates"":[[[-43.17301154139809,-22.78977446495759],[-43.17295130741899,-22.794292199506216],[-43.168083572666575,-22.79423634829905],[-43.168143960291296,-22.78971861244491],[-43.17301154139809,-22.78977446495759]]]}"
00000000000000000026,4.9919711740667,64.0,"{""type"":""Polygon"",""coordinates"":[[[-43.168143960291296,-22.78971861244491],[-43.168083572666575,-22.79423634829905],[-43.16321588522732,-22.794180327240554],[-43.1632764265252,-22.789662590148478],[-43.168143960291296,-22.78971861244491]]]}"
00000000000000000027,3.4526685481342114,356.0,"{""type"":""Polygon"",""coordinates"":[[[-43.31410944151589,-22.800361340182693],[-43.30923628324911,-22.80030980356092],[-43.30929200528134,-22.79579618676192],[-43.31416493702242,-22.795847751455714],[-43.31410944151589,-22.800361340182693]]]}"
00000000000000000028,3.225306762906007,362.0,"{""type"":""Polygon"",""coordinates"":[[[-43.30923628324911,-22.80030980356092],[-43.304368031347835,-22.800258058320725],[-43.30442390622895,-22.795744438580616],[-43.30929200528134,-22.79579618676192],[-43.30923628324911,-22.80030980356092]]]}"
00000000000000000029,6.170409155039969,121.0,"{""type"":""Polygon"",""coordinates"":[[[-43.241120181380815,-22.795058780352754],[-43.24599295677633,-22.795112437763937],[-43.245935245525544,-22.799625870046018],[-43.241062316914736,-22.799572142159978],[-43.241120181380815,-22.795058780352754]]]}"
0000000000000000002a,5.847533913785852,130.0,"{""type"":""Polygon"",""coordinates"":[[[-43.241120181380815,-22.795058780352754],[-43.241062316914736,-22.799572142159978],[-43.23619422993659,-22.799518379208692],[-43.23625232145395,-22.795004917811703],[-43.241120181380815,-22.795058780352754]]]}"
0000000000000000002b,6.10404831105893,138.0,"{""type"":""Polygon"",""coordinates"":[[[-43.23625232145395,-22.795004917811703],[-43.23619422993659,-22.799518379208692],[-43.231326113976834,-22.79946447089234],[-43.23138435876653,-22.794951080350877],[-43.23625232145395,-22.795004917811703]]]}"
0000000000000000002c,7.980250974582381,146.0,"{""type"":""Polygon"",""coordinates"":[[[-43.23138435876653,-22.794951080350877],[-43.231326113976834,-22.79946447089234],[-43.226458116851234,-22.799410367643855],[-43.22651651494085,-22.794896975233947],[-43.23138435876653,-22.794951080350877]]]}"
0000000000000000002d,7.977074776610745,155.0,"{""type"":""Polygon"",""coordinates"":[[[-43.22651651494085,-22.794896975233947],[-43.226458116851234,-22.799410367643855],[-43.22158521795638,-22.799356080465554],[-43.2216437693793,-22.794842686007122],[-43.22651651494085,-22.794896975233947]]]}"
0000000000000000002e,16.197188934017163,167.0,"{""type"":""Polygon"",""coordinates"":[[[-43.2216437693793,-22.794842686007122],[-43.22158521795638,-22.799356080465554],[-43.216717163249456,-22.799301686345938],[-43.21677594187019,-22.794788338175692],[-43.2216437693793,-22.794842686007122]]]}"
0000000000000000002f,20.78980539861896,176.0,"{""type"":""Polygon"",""coordinates"":[[[-43.21677594187019,-22.794788338175692],[-43.216717163249456,-22.799301686345938],[-43.21184915407661,-22.799247194947146],[-43.21190808608749,-22.794733845108816],[-43.21677594187019,-22.794788338175692]]]}"
00000000000000000030,6.593409625333125,185.0,"{""type"":""Polygon"",""coordinates"":[[[-43.21190808608749,-22.794733845108816],[-43.21184915407661,-22.799247194947146],[-43.206976316067674,-22.799192494240003],[-43.207035401502054,-22.794679069738354],[-43.21190808608749,-22.794733845108816]]]}"
00000000000000000031,6.66471648012254,1.0,"{""type"":""Polygon"",""coordinates"":[[[-43.207035401502054,-22.794679069738354],[-43.206976316067674,-22.799192494240003],[-43.20210839803371,-22.799137589682264],[-43.20216756304957,-22.794624261243154],[-43.207035401502054,-22.794679069738354]]]}"
00000000000000000032,11.480373632306131,3.0,"{""type"":""Polygon"",""coordinates"":[[[-43.20216756304957,-22.794624261243154],[-43.20210839803371,-22.799137589682264],[-43.19724037833408,-22.799082637465766],[-43.197299770687,-22.794569355604228],[-43.20216756304957,-22.794624261243154]]]}"
00000000000000000033,6.0230321596494605,7.0,"{""type"":""Polygon"",""coordinates"":[[[-43.197299770687,-22.794569355604228],[-43.19724037833408,-22.799082637465766],[-43.19237247874156,-22.799027490448474],[-43.19243195071698,-22.794514231961546],[-43.197299770687,-22.794569355604228]]]}"
00000000000000000034,4.8813607148455835,14.0,"{""type"":""Polygon"",""coordinates"":[[[-43.19243195071698,-22.794514231961546],[-43.19237247874156,-22.799027490448474],[-43.187499675249825,-22.798972230940056],[-43.18755937463754,-22.794458873267633],[-43.19243195071698,-22.794514231961546]]]}"
00000000000000000035,9.025455275927644,26.0,"{""type"":""Polygon"",""coordinates"":[[[-43.18755937463754,-22.794458873267633],[-43.187499675249825,-22.798972230940056],[-43.182631794315,-22.798916768493736],[-43.18269164725867,-22.794403482389598],[-43.18755937463754,-22.794458873267633]]]}"
00000000000000000036,28.331161330822326,37.0,"{""type"":""Polygon"",""coordinates"":[[[-43.18269164725867,-22.794403482389598],[-43.182631794315,-22.798916768493736],[-43.177763886251945,-22.798861233689244],[-43.17782389277922,-22.794347946381887],[-43.18269164725867,-22.794403482389598]]]}"
00000000000000000037,28.585213983382967,48.0,"{""type"":""Polygon"",""coordinates"":[[[-43.17782389277922,-22.794347946381887],[-43.177763886251945,-22.798861233689244],[-43.17289114727473,-22.79880548819278],[-43.17295130741899,-22.794292199506216],[-43.17782389277922,-22.794347946381887]]]}"
00000000000000000038,1.3403494014475743,57.0,"{""type"":""Polygon"",""coordinates"":[[[-43.17295130741899,-22.794292199506216],[-43.17289114727473,-22.79880548819278],[-43.16802325888351,-22.798749565206425],[-43.168083572666575,-22.79423634829905],[-43.17295130741899,-22.794292199506216]]]}"
00000000000000000039,7.315037895899206,328.0,"{""type"":""Polygon"",""coordinates"":[[[-43.34814322238746,-22.805231854969648],[-43.34326977255686,-22.805181322250505],[-43.34332435181843,-22.80066765829669],[-43.34819757537529,-22.800718219579952],[-43.34814322238746,-22.805231854969648]]]}"
0000000000000000003a,6.3894311954249545,330.0,"{""type"":""Polygon"",""coordinates"":[[[-43.34326977255686,-22.805181322250505],[-43.33840122451649,-22.80513065171943],[-43.33845595642534,-22.80061698434894],[-43.34332435181843,-22.80066765829669],[-43.34326977255686,-22.805181322250505]]]}"
0000000000000000003b,5.62552916606564,335.0,"{""type"":""Polygon"",""coordinates"":[[[-43.33353271760773,-22.805079810606184],[-43.3286593892761,-22.805028765285897],[-43.328714426568325,-22.800515163759815],[-43.33358760219169,-22.800566139886346],[-43.33353271760773,-22.805079810606184]]]}"
0000000000000000003c,4.606392929109047,339.0,"{""type"":""Polygon"",""coordinates"":[[[-43.3286593892761,-22.805028765285897],[-43.32379089101373,-22.804977680399503],[-43.32384608103678,-22.800464002934575],[-43.328714426568325,-22.800515163759815],[-43.3286593892761,-22.805028765285897]]]}"
0000000000000000003d,4.7728667817354475,344.0,"{""type"":""Polygon"",""coordinates"":[[[-43.32379089101373,-22.804977680399503],[-43.31892236071837,-22.804926377085597],[-43.318977777192174,-22.800412744368995],[-43.32384608103678,-22.800464002934575],[-43.32379089101373,-22.804977680399503]]]}"
0000000000000000003e,4.299824231010667,350.0,"{""type"":""Polygon"",""coordinates"":[[[-43.31410944151589,-22.800361340182693],[-43.318977777192174,-22.800412744368995],[-43.31892236071837,-22.804926377085597],[-43.31405394594778,-22.804874951154734],[-43.31410944151589,-22.800361340182693]]]}"
0000000000000000003f,5.629689557855131,355.0,"{""type"":""Polygon"",""coordinates"":[[[-43.31410944151589,-22.800361340182693],[-43.31405394594778,-22.804874951154734],[-43.30918063486135,-22.80482334505781],[-43.30923628324911,-22.80030980356092],[-43.31410944151589,-22.800361340182693]]]}"
00000000000000000040,4.746919817982106,361.0,"{""type"":""Polygon"",""coordinates"":[[[-43.30923628324911,-22.80030980356092],[-43.30918063486135,-22.80482334505781],[-43.30431215640433,-22.804771627585826],[-43.304368031347835,-22.800258058320725],[-43.30923628324911,-22.80030980356092]]]}"
00000000000000000041,2.183539337480617,366.0,"{""type"":""Polygon"",""coordinates"":[[[-43.304368031347835,-22.800258058320725],[-43.30431215640433,-22.804771627585826],[-43.2994437203004,-22.804719812390235],[-43.29949974812098,-22.800206167501074],[-43.304368031347835,-22.800258058320725]]]}"
00000000000000000042,4.148030754746586,100.0,"{""type"":""Polygon"",""coordinates"":[[[-43.26048228444085,-22.804299344067488],[-43.25561401478569,-22.804246142025008],[-43.25567149355118,-22.799732666960228],[-43.26053961007228,-22.799785871278175],[-43.26048228444085,-22.804299344067488]]]}"
00000000000000000043,4.118243052373212,105.0,"{""type"":""Polygon"",""coordinates"":[[[-43.25561401478569,-22.804246142025008],[-43.25074571545533,-22.804192794492028],[-43.250803347382636,-22.79967931721539],[-43.25567149355118,-22.799732666960228],[-43.25561401478569,-22.804246142025008]]]}"
00000000000000000044,5.033615819209039,112.0,"{""type"":""Polygon"",""coordinates"":[[[-43.245935245525544,-22.799625870046018],[-43.250803347382636,-22.79967931721539],[-43.25074571545533,-22.804192794492028],[-43.24587746040873,-22.804139276679464],[-43.245935245525544,-22.799625870046018]]]}"
00000000000000000045,7.141878037309922,120.0,"{""type"":""Polygon"",""coordinates"":[[[-43.245935245525544,-22.799625870046018],[-43.24587746040873,-22.804139276679464],[-43.24100437857512,-22.804085551110266],[-43.241062316914736,-22.799572142159978],[-43.245935245525544,-22.799625870046018]]]}"
00000000000000000046,6.616461918004272,129.0,"{""type"":""Polygon"",""coordinates"":[[[-43.241062316914736,-22.799572142159978],[-43.24100437857512,-22.804085551110266],[-43.23613613835204,-22.804031790168622],[-43.23619422993659,-22.799518379208692],[-43.241062316914736,-22.799572142159978]]]}"
00000000000000000047,7.8017714891934125,137.0,"{""type"":""Polygon"",""coordinates"":[[[-43.23619422993659,-22.799518379208692],[-43.23613613835204,-22.804031790168622],[-43.23126786911961,-22.80397788379828],[-43.231326113976834,-22.79946447089234],[-43.23619422993659,-22.799518379208692]]]}"
00000000000000000048,11.094752634982019,145.0,"{""type"":""Polygon"",""coordinates"":[[[-43.231326113976834,-22.79946447089234],[-43.23126786911961,-22.80397788379828],[-43.22639964486545,-22.803923734413907],[-43.226458116851234,-22.799410367643855],[-43.231326113976834,-22.79946447089234]]]}"
00000000000000000049,13.152638344568121,154.0,"{""type"":""Polygon"",""coordinates"":[[[-43.226458116851234,-22.799410367643855],[-43.22639964486545,-22.803923734413907],[-43.221526666465245,-22.803869424493275],[-43.22158521795638,-22.799356080465554],[-43.226458116851234,-22.799410367643855]]]}"
0000000000000000004a,28.138644938135204,166.0,"{""type"":""Polygon"",""coordinates"":[[[-43.22158521795638,-22.799356080465554],[-43.221526666465245,-22.803869424493275],[-43.216658458402605,-22.8038151049288],[-43.216717163249456,-22.799301686345938],[-43.22158521795638,-22.799356080465554]]]}"
0000000000000000004b,21.741073446327693,175.0,"{""type"":""Polygon"",""coordinates"":[[[-43.216717163249456,-22.799301686345938],[-43.216658458402605,-22.8038151049288],[-43.211790295846434,-22.8037605423945],[-43.21184915407661,-22.799247194947146],[-43.216717163249456,-22.799301686345938]]]}"
0000000000000000004c,13.704474055494588,184.0,"{""type"":""Polygon"",""coordinates"":[[[-43.21184915407661,-22.799247194947146],[-43.211790295846434,-22.8037605423945],[-43.20691730442082,-22.803705770720114],[-43.206976316067674,-22.799192494240003],[-43.21184915407661,-22.799247194947146]]]}"
0000000000000000004d,12.505621433638211,191.0,"{""type"":""Polygon"",""coordinates"":[[[-43.206976316067674,-22.799192494240003],[-43.20691730442082,-22.803705770720114],[-43.2020491590842,-22.80365096530681],[-43.20210839803371,-22.799137589682264],[-43.206976316067674,-22.799192494240003]]]}"
0000000000000000004e,26.12514045737314,2.0,"{""type"":""Polygon"",""coordinates"":[[[-43.20210839803371,-22.799137589682264],[-43.2020491590842,-22.80365096530681],[-43.19718105978228,-22.803595989787798],[-43.19724037833408,-22.799082637465766],[-43.20210839803371,-22.799137589682264]]]}"
0000000000000000004f,49.54779377146119,6.0,"{""type"":""Polygon"",""coordinates"":[[[-43.19724037833408,-22.799082637465766],[-43.19718105978228,-22.803595989787798],[-43.192312932817536,-22.803540868960635],[-43.19237247874156,-22.799027490448474],[-43.19724037833408,-22.799082637465766]]]}"
00000000000000000050,58.42327010503211,13.0,"{""type"":""Polygon"",""coordinates"":[[[-43.19237247874156,-22.799027490448474],[-43.192312932817536,-22.803540868960635],[-43.187439975791314,-22.803485538205024],[-43.187499675249825,-22.798972230940056],[-43.19237247874156,-22.799027490448474]]]}"
00000000000000000051,36.674819050967024,25.0,"{""type"":""Polygon"",""coordinates"":[[[-43.187499675249825,-22.798972230940056],[-43.187439975791314,-22.803485538205024],[-43.18257194130021,-22.803430077031628],[-43.182631794315,-22.798916768493736],[-43.187499675249825,-22.798972230940056]]]}"
00000000000000000052,18.21197740112994,36.0,"{""type"":""Polygon"",""coordinates"":[[[-43.182631794315,-22.798916768493736],[-43.18257194130021,-22.803430077031628],[-43.17770387965321,-22.80337447059318],[-43.177763886251945,-22.798861233689244],[-43.182631794315,-22.798916768493736]]]}"
00000000000000000053,8.82443643204264,47.0,"{""type"":""Polygon"",""coordinates"":[[[-43.177763886251945,-22.798861233689244],[-43.17770387965321,-22.80337447059318],[-43.17283098705866,-22.803318726478246],[-43.17289114727473,-22.79880548819278],[-43.177763886251945,-22.798861233689244]]]}"
00000000000000000054,22.930999779081464,327.0,"{""type"":""Polygon"",""coordinates"":[[[-43.34814322238746,-22.805231854969648],[-43.34808872204215,-22.809750069845062],[-43.34321511957929,-22.80969946839685],[-43.34326977255686,-22.805181322250505],[-43.34814322238746,-22.805231854969648]]]}"
00000000000000000055,16.950100126177805,329.0,"{""type"":""Polygon"",""coordinates"":[[[-43.34326977255686,-22.805181322250505],[-43.34321511957929,-22.80969946839685],[-43.338346418884136,-22.80964880152953],[-43.33840122451649,-22.80513065171943],[-43.34326977255686,-22.805181322250505]]]}"
00000000000000000056,11.113816953918382,332.0,"{""type"":""Polygon"",""coordinates"":[[[-43.33840122451649,-22.80513065171943],[-43.338346418884136,-22.80964880152953],[-43.33347775929278,-22.809597964012703],[-43.33353271760773,-22.805079810606184],[-43.33840122451649,-22.80513065171943]]]}"
00000000000000000057,6.963110461652311,334.0,"{""type"":""Polygon"",""coordinates"":[[[-43.33353271760773,-22.805079810606184],[-43.33347775929278,-22.809597964012703],[-43.328604278245386,-22.809546922465977],[-43.3286593892761,-22.805028765285897],[-43.33353271760773,-22.805079810606184]]]}"
00000000000000000058,6.151656298453868,338.0,"{""type"":""Polygon"",""coordinates"":[[[-43.3286593892761,-22.805028765285897],[-43.328604278245386,-22.809546922465977],[-43.32373562724471,-22.809495768320758],[-43.32379089101373,-22.804977680399503],[-43.3286593892761,-22.805028765285897]]]}"
00000000000000000059,7.084688529734816,343.0,"{""type"":""Polygon"",""coordinates"":[[[-43.32379089101373,-22.804977680399503],[-43.32373562724471,-22.809495768320758],[-43.318866944183156,-22.809444468404838],[-43.31892236071837,-22.804926377085597],[-43.32379089101373,-22.804977680399503]]]}"
0000000000000000005a,12.656403013182667,349.0,"{""type"":""Polygon"",""coordinates"":[[[-43.31892236071837,-22.804926377085597],[-43.318866944183156,-22.809444468404838],[-43.31399830291926,-22.809393070631565],[-43.31405394594778,-22.804874951154734],[-43.31892236071837,-22.804926377085597]]]}"
0000000000000000005b,15.387576042646613,354.0,"{""type"":""Polygon"",""coordinates"":[[[-43.31405394594778,-22.804874951154734],[-43.31399830291926,-22.809393070631565],[-43.30912483899848,-22.809341395304155],[-43.30918063486135,-22.80482334505781],[-43.31405394594778,-22.804874951154734]]]}"
0000000000000000005c,8.181798211203517,360.0,"{""type"":""Polygon"",""coordinates"":[[[-43.30918063486135,-22.80482334505781],[-43.30912483899848,-22.809341395304155],[-43.30425628139844,-22.809289656199546],[-43.30431215640433,-22.804771627585826],[-43.30918063486135,-22.80482334505781]]]}"
0000000000000000005d,3.30623787672393,365.0,"{""type"":""Polygon"",""coordinates"":[[[-43.30431215640433,-22.804771627585826],[-43.30425628139844,-22.809289656199546],[-43.299387692417135,-22.80923777138835],[-43.2994437203004,-22.804719812390235],[-43.30431215640433,-22.804771627585826]]]}"
0000000000000000005e,3.4302504249007493,368.0,"{""type"":""Polygon"",""coordinates"":[[[-43.2994437203004,-22.804719812390235],[-43.299387692417135,-22.80923777138835],[-43.294514279886315,-22.809185753913077],[-43.29457046068019,-22.804667718864906],[-43.2994437203004,-22.804719812390235]]]}"
0000000000000000005f,2.934388359144009,370.0,"{""type"":""Polygon"",""coordinates"":[[[-43.294514279886315,-22.809185753913077],[-43.28964570188926,-22.809133552693382],[-43.28970210935133,-22.804615562582395],[-43.29457046068019,-22.804667718864906],[-43.294514279886315,-22.809185753913077]]]}"
00000000000000000060,5.54929232700455,91.0,"{""type"":""Polygon"",""coordinates"":[[[-43.28964570188926,-22.809133552693382],[-43.284777166745315,-22.809081253741947],[-43.28483372717529,-22.80456318795015],[-43.28970210935133,-22.804615562582395],[-43.28964570188926,-22.809133552693382]]]}"
00000000000000000061,3.341294081493138,96.0,"{""type"":""Polygon"",""coordinates"":[[[-43.26048228444085,-22.804299344067488],[-43.265355466921136,-22.80435248499494],[-43.2652982205653,-22.808870441354355],[-43.26042495874389,-22.80881727845033],[-43.26048228444085,-22.804299344067488]]]}"
00000000000000000062,5.838455986191749,99.0,"{""type"":""Polygon"",""coordinates"":[[[-43.26048228444085,-22.804299344067488],[-43.26042495874389,-22.80881727845033],[-43.255556462168904,-22.808764103740018],[-43.25561401478569,-22.804246142025008],[-43.26048228444085,-22.804299344067488]]]}"
00000000000000000063,5.8547699608911445,104.0,"{""type"":""Polygon"",""coordinates"":[[[-43.25561401478569,-22.804246142025008],[-43.255556462168904,-22.808764103740018],[-43.250688009669226,-22.808710758665526],[-43.25074571545533,-22.804192794492028],[-43.25561401478569,-22.804246142025008]]]}"
00000000000000000064,6.608951663527936,111.0,"{""type"":""Polygon"",""coordinates"":[[[-43.25074571545533,-22.804192794492028],[-43.250688009669226,-22.808710758665526],[-43.24581960142563,-22.808657243243996],[-43.24587746040873,-22.804139276679464],[-43.25074571545533,-22.804192794492028]]]}"
00000000000000000065,4.95458222291895,119.0,"{""type"":""Polygon"",""coordinates"":[[[-43.24587746040873,-22.804139276679464],[-43.24581960142563,-22.808657243243996],[-43.240946366361726,-22.808603520242432],[-43.24100437857512,-22.804085551110266],[-43.24587746040873,-22.804139276679464]]]}"
00000000000000000066,14.3526154889172,128.0,"{""type"":""Polygon"",""coordinates"":[[[-43.24100437857512,-22.804085551110266],[-43.240946366361726,-22.808603520242432],[-43.23607797288621,-22.808549688764803],[-43.23613613835204,-22.804031790168622],[-43.24100437857512,-22.804085551110266]]]}"
00000000000000000067,26.162208649035453,136.0,"{""type"":""Polygon"",""coordinates"":[[[-43.23613613835204,-22.804031790168622],[-43.23607797288621,-22.808549688764803],[-43.23120955037359,-22.808495711786843],[-43.23126786911961,-22.80397788379828],[-43.23613613835204,-22.804031790168622]]]}"
00000000000000000068,14.761599256743581,144.0,"{""type"":""Polygon"",""coordinates"":[[[-43.23126786911961,-22.80397788379828],[-43.23120955037359,-22.808495711786843],[-43.22634117281162,-22.808441637327352],[-43.22639964486545,-22.803923734413907],[-43.23126786911961,-22.80397788379828]]]}"
00000000000000000069,15.768465276689135,153.0,"{""type"":""Polygon"",""coordinates"":[[[-43.22639964486545,-22.803923734413907],[-43.22634117281162,-22.808441637327352],[-43.2214679672348,-22.80838735449958],[-43.221526666465245,-22.803869424493275],[-43.22639964486545,-22.803923734413907]]]}"
0000000000000000006a,39.80791467617496,165.0,"{""type"":""Polygon"",""coordinates"":[[[-43.221526666465245,-22.803869424493275],[-43.2214679672348,-22.80838735449958],[-43.21659960580181,-22.808332964115333],[-43.216658458402605,-22.8038151049288],[-43.221526666465245,-22.803869424493275]]]}"
0000000000000000006b,34.89246076585061,174.0,"{""type"":""Polygon"",""coordinates"":[[[-43.216658458402605,-22.8038151049288],[-43.21659960580181,-22.808332964115333],[-43.21173128984765,-22.808278403501536],[-43.211790295846434,-22.8037605423945],[-43.216658458402605,-22.8038151049288]]]}"
0000000000000000006c,28.2898949678633,183.0,"{""type"":""Polygon"",""coordinates"":[[[-43.211790295846434,-22.8037605423945],[-43.21173128984765,-22.808278403501536],[-43.20685814499072,-22.808223633924037],[-43.20691730442082,-22.803705770720114],[-43.211790295846434,-22.8037605423945]]]}"
0000000000000000006d,31.633310525357636,190.0,"{""type"":""Polygon"",""coordinates"":[[[-43.20691730442082,-22.803705770720114],[-43.20685814499072,-22.808223633924037],[-43.20198984620078,-22.808168757476327],[-43.2020491590842,-22.80365096530681],[-43.20691730442082,-22.803705770720114]]]}"
0000000000000000006e,37.169069874012095,195.0,"{""type"":""Polygon"",""coordinates"":[[[-43.2020491590842,-22.80365096530681],[-43.20198984620078,-22.808168757476327],[-43.19712159341795,-22.808113783675378],[-43.19718105978228,-22.803595989787798],[-43.2020491590842,-22.80365096530681]]]}"
0000000000000000006f,44.37710217892139,198.0,"{""type"":""Polygon"",""coordinates"":[[[-43.19718105978228,-22.803595989787798],[-43.19712159341795,-22.808113783675378],[-43.192253312944615,-22.80805866450254],[-43.192312932817536,-22.803540868960635],[-43.19718105978228,-22.803595989787798]]]}"
00000000000000000070,64.88621414014736,12.0,"{""type"":""Polygon"",""coordinates"":[[[-43.192312932817536,-22.803540868960635],[-43.192253312944615,-22.80805866450254],[-43.187380202376424,-22.808003262741682],[-43.187439975791314,-22.803485538205024],[-43.192312932817536,-22.803540868960635]]]}"
00000000000000000071,28.13054695886352,24.0,"{""type"":""Polygon"",""coordinates"":[[[-43.187439975791314,-22.803485538205024],[-43.187380202376424,-22.808003262741682],[-43.1825119404288,-22.807947827863703],[-43.18257194130021,-22.803430077031628],[-43.187439975791314,-22.803485538205024]]]}"
00000000000000000072,5.15883239171374,35.0,"{""type"":""Polygon"",""coordinates"":[[[-43.18257194130021,-22.803430077031628],[-43.1825119404288,-22.807947827863703],[-43.17764372518323,-22.80789229571867],[-43.17770387965321,-22.80337447059318],[-43.18257194130021,-22.803430077031628]]]}"
00000000000000000073,8.788553029637342,331.0,"{""type"":""Polygon"",""coordinates"":[[[-43.338346418884136,-22.80964880152953],[-43.338291686855264,-22.81416244037064],[-43.333422874588166,-22.814111533494707],[-43.33347775929278,-22.809597964012703],[-43.338346418884136,-22.80964880152953]]]}"
00000000000000000074,6.085356446261815,333.0,"{""type"":""Polygon"",""coordinates"":[[[-43.33347775929278,-22.809597964012703],[-43.333422874588166,-22.814111533494707],[-43.32854916715389,-22.81406052031867],[-43.328604278245386,-22.809546922465977],[-43.33347775929278,-22.809597964012703]]]}"
00000000000000000075,6.043251454793126,337.0,"{""type"":""Polygon"",""coordinates"":[[[-43.328604278245386,-22.809546922465977],[-43.32854916715389,-22.81406052031867],[-43.32368036341459,-22.814009369394665],[-43.32373562724471,-22.809495768320758],[-43.328604278245386,-22.809546922465977]]]}"
00000000000000000076,9.877809508865532,342.0,"{""type"":""Polygon"",""coordinates"":[[[-43.32373562724471,-22.809495768320758],[-43.32368036341459,-22.814009369394665],[-43.318811527586526,-22.81395807263644],[-43.318866944183156,-22.809444468404838],[-43.32373562724471,-22.809495768320758]]]}"
00000000000000000077,24.029535467671057,348.0,"{""type"":""Polygon"",""coordinates"":[[[-43.318866944183156,-22.809444468404838],[-43.318811527586526,-22.81395807263644],[-43.313942733528336,-22.813906677953828],[-43.31399830291926,-22.809393070631565],[-43.318866944183156,-22.809444468404838]]]}"
00000000000000000078,25.083098149890258,353.0,"{""type"":""Polygon"",""coordinates"":[[[-43.31399830291926,-22.809393070631565],[-43.313942733528336,-22.813906677953828],[-43.309069116780066,-22.813855005893576],[-43.30912483899848,-22.809341395304155],[-43.31399830291926,-22.809393070631565]]]}"
00000000000000000079,27.427421936293722,359.0,"{""type"":""Polygon"",""coordinates"":[[[-43.30912483899848,-22.809341395304155],[-43.309069116780066,-22.813855005893576],[-43.304200332616304,-22.81380329457548],[-43.30425628139844,-22.809289656199546],[-43.30912483899848,-22.809341395304155]]]}"
0000000000000000007a,12.087915330098363,364.0,"{""type"":""Polygon"",""coordinates"":[[[-43.30425628139844,-22.809289656199546],[-43.304200332616304,-22.81380329457548],[-43.299331590750114,-22.813751412654824],[-43.299387692417135,-22.80923777138835],[-43.30425628139844,-22.809289656199546]]]}"
0000000000000000007b,3.3339563120496147,367.0,"{""type"":""Polygon"",""coordinates"":[[[-43.299387692417135,-22.80923777138835],[-43.299331590750114,-22.813751412654824],[-43.294458025301196,-22.81369932549831],[-43.294514279886315,-22.809185753913077],[-43.299387692417135,-22.80923777138835]]]}"
0000000000000000007c,3.194100109838381,369.0,"{""type"":""Polygon"",""coordinates"":[[[-43.294514279886315,-22.809185753913077],[-43.294458025301196,-22.81369932549831],[-43.28958929436366,-22.813647127034226],[-43.28964570188926,-22.809133552693382],[-43.294514279886315,-22.809185753913077]]]}"
0000000000000000007d,7.962893910860012,90.0,"{""type"":""Polygon"",""coordinates"":[[[-43.28964570188926,-22.809133552693382],[-43.28958929436366,-22.813647127034226],[-43.28472060625148,-22.813594758014577],[-43.284777166745315,-22.809081253741947],[-43.28964570188926,-22.809133552693382]]]}"
0000000000000000007e,4.089670828603862,93.0,"{""type"":""Polygon"",""coordinates"":[[[-43.27985188739566,-22.813542316038326],[-43.27497841751558,-22.813489570454077],[-43.27503521027786,-22.808976085582593],[-43.279908600885534,-22.80902880914471],[-43.27985188739566,-22.813542316038326]]]}"
0000000000000000007f,3.3620962376187893,94.0,"{""type"":""Polygon"",""coordinates"":[[[-43.27497841751558,-22.813489570454077],[-43.27010971095562,-22.813436812061415],[-43.270166730526306,-22.80892337265271],[-43.27503521027786,-22.808976085582593],[-43.27497841751558,-22.813489570454077]]]}"
00000000000000000080,3.4780588150443057,95.0,"{""type"":""Polygon"",""coordinates"":[[[-43.2652982205653,-22.808870441354355],[-43.265241047915325,-22.81338388318167],[-43.26036763298141,-22.813330795645587],[-43.26042495874389,-22.80881727845033],[-43.2652982205653,-22.808870441354355]]]}"
00000000000000000081,5.427641613055072,98.0,"{""type"":""Polygon"",""coordinates"":[[[-43.26042495874389,-22.80881727845033],[-43.26036763298141,-22.813330795645587],[-43.25549898327163,-22.81327755044651],[-43.255556462168904,-22.808764103740018],[-43.26042495874389,-22.80881727845033]]]}"
00000000000000000082,9.956503179555424,103.0,"{""type"":""Polygon"",""coordinates"":[[[-43.255556462168904,-22.808764103740018],[-43.25549898327163,-22.81327755044651],[-43.25063037760946,-22.813224207592462],[-43.250688009669226,-22.808710758665526],[-43.255556462168904,-22.808764103740018]]]}"
00000000000000000083,9.622969240426862,110.0,"{""type"":""Polygon"",""coordinates"":[[[-43.250688009669226,-22.808710758665526],[-43.25063037760946,-22.813224207592462],[-43.245761816175694,-22.813170621535413],[-43.24581960142563,-22.808657243243996],[-43.250688009669226,-22.808710758665526]]]}"
00000000000000000084,8.43206145163818,118.0,"{""type"":""Polygon"",""coordinates"":[[[-43.24581960142563,-22.808657243243996],[-43.245761816175694,-22.813170621535413],[-43.24088835408131,-22.813116925665664],[-43.240946366361726,-22.808603520242432],[-43.24581960142563,-22.808657243243996]]]}"
00000000000000000085,10.755506870641119,127.0,"{""type"":""Polygon"",""coordinates"":[[[-43.240946366361726,-22.808603520242432],[-43.24088835408131,-22.813116925665664],[-43.23601980735302,-22.813063096204115],[-43.23607797288621,-22.808549688764803],[-43.240946366361726,-22.808603520242432]]]}"
00000000000000000086,23.146791294467704,135.0,"{""type"":""Polygon"",""coordinates"":[[[-43.23607797288621,-22.808549688764803],[-43.23601980735302,-22.813063096204115],[-43.23115123155989,-22.813009121178588],[-43.23120955037359,-22.808495711786843],[-43.23607797288621,-22.808549688764803]]]}"
00000000000000000087,18.889792151865358,143.0,"{""type"":""Polygon"",""coordinates"":[[[-43.23120955037359,-22.808495711786843],[-43.23115123155989,-22.813009121178588],[-43.226282700689744,-22.812955048604373],[-43.22634117281162,-22.808441637327352],[-43.23120955037359,-22.808495711786843]]]}"
00000000000000000088,13.818830537701833,152.0,"{""type"":""Polygon"",""coordinates"":[[[-43.22634117281162,-22.808441637327352],[-43.226282700689744,-22.812955048604373],[-43.22140934177144,-22.812900695029754],[-43.2214679672348,-22.80838735449958],[-43.22634117281162,-22.808441637327352]]]}"
00000000000000000089,20.575559168607455,164.0,"{""type"":""Polygon"",""coordinates"":[[[-43.2214679672348,-22.80838735449958],[-43.22140934177144,-22.812900695029754],[-43.2165409008177,-22.81284628159861],[-43.21659960580181,-22.808332964115333],[-43.2214679672348,-22.80838735449958]]]}"
0000000000000000008a,23.07974262397992,173.0,"{""type"":""Polygon"",""coordinates"":[[[-43.21659960580181,-22.808332964115333],[-43.2165409008177,-22.81284628159861],[-43.21167235762958,-22.812791747464548],[-43.21173128984765,-22.808278403501536],[-43.21659960580181,-22.808332964115333]]]}"
0000000000000000008b,33.998112556827074,182.0,"{""type"":""Polygon"",""coordinates"":[[[-43.21173128984765,-22.808278403501536],[-43.21167235762958,-22.812791747464548],[-43.20679905934813,-22.812736979745903],[-43.20685814499072,-22.808223633924037],[-43.21173128984765,-22.808278403501536]]]}"
0000000000000000008c,53.69466607240385,189.0,"{""type"":""Polygon"",""coordinates"":[[[-43.20685814499072,-22.808223633924037],[-43.20679905934813,-22.812736979745903],[-43.2019306071117,-22.81268210484968],[-43.20198984620078,-22.808168757476327],[-43.20685814499072,-22.808223633924037]]]}"
0000000000000000008d,55.481616562356805,194.0,"{""type"":""Polygon"",""coordinates"":[[[-43.20198984620078,-22.808168757476327],[-43.2019306071117,-22.81268210484968],[-43.19706220085475,-22.81262705970479],[-43.19712159341795,-22.808113783675378],[-43.20198984620078,-22.808168757476327]]]}"
0000000000000000008e,28.707418125663036,197.0,"{""type"":""Polygon"",""coordinates"":[[[-43.19712159341795,-22.808113783675378],[-43.19706220085475,-22.81262705970479],[-43.192193766879626,-22.812571941948573],[-43.192253312944615,-22.80805866450254],[-43.19712159341795,-22.808113783675378]]]}"
0000000000000000008f,24.685016460260247,199.0,"{""type"":""Polygon"",""coordinates"":[[[-43.192253312944615,-22.80805866450254],[-43.192193766879626,-22.812571941948573],[-43.18732050277627,-22.812516541780084],[-43.187380202376424,-22.808003262741682],[-43.192253312944615,-22.80805866450254]]]}"
00000000000000000090,30.28591516582024,23.0,"{""type"":""Polygon"",""coordinates"":[[[-43.187380202376424,-22.808003262741682],[-43.18732050277627,-22.812516541780084],[-43.18245208727159,-22.81246110818748],[-43.1825119404288,-22.807947827863703],[-43.187380202376424,-22.808003262741682]]]}"
00000000000000000091,33.38640301318266,34.0,"{""type"":""Polygon"",""coordinates"":[[[-43.1825119404288,-22.807947827863703],[-43.18245208727159,-22.81246110818748],[-43.17758371844136,-22.8124055044165],[-43.17764372518323,-22.80789229571867],[-43.1825119404288,-22.807947827863703]]]}"
00000000000000000092,0.3607273867377337,46.0,"{""type"":""Polygon"",""coordinates"":[[[-43.17764372518323,-22.80789229571867],[-43.17758371844136,-22.8124055044165],[-43.1727105185968,-22.81234969047375],[-43.172770678956695,-22.80783648038607],[-43.17764372518323,-22.80789229571867]]]}"
00000000000000000093,1.1009610857569718,68.0,"{""type"":""Polygon"",""coordinates"":[[[-43.1629737932302,-22.812237778953662],[-43.158105464557266,-22.812181543977488],[-43.15816615984805,-22.807668378925605],[-43.16303433481878,-22.80772454199156],[-43.1629737932302,-22.812237778953662]]]}"
00000000000000000094,5.672437712255409,336.0,"{""type"":""Polygon"",""coordinates"":[[[-43.32854916715389,-22.81406052031867],[-43.32849405600161,-22.818574140136718],[-43.32362509952337,-22.818522992440187],[-43.32368036341459,-22.814009369394665],[-43.32854916715389,-22.81406052031867]]]}"
00000000000000000095,11.087374862702019,341.0,"{""type"":""Polygon"",""coordinates"":[[[-43.32368036341459,-22.814009369394665],[-43.32362509952337,-22.818522992440187],[-43.31875611092848,-22.818471698845915],[-43.318811527586526,-22.81395807263644],[-43.32368036341459,-22.814009369394665]]]}"
00000000000000000096,19.722592592592584,347.0,"{""type"":""Polygon"",""coordinates"":[[[-43.318811527586526,-22.81395807263644],[-43.31875611092848,-22.818471698845915],[-43.31388716407567,-22.818420234527025],[-43.313942733528336,-22.813906677953828],[-43.318811527586526,-22.81395807263644]]]}"
00000000000000000097,16.94863593603011,352.0,"{""type"":""Polygon"",""coordinates"":[[[-43.313942733528336,-22.813906677953828],[-43.31388716407567,-22.818420234527025],[-43.30901339449958,-22.818368565736222],[-43.309069116780066,-22.813855005893576],[-43.313942733528336,-22.813906677953828]]]}"
00000000000000000098,18.161067001412203,358.0,"{""type"":""Polygon"",""coordinates"":[[[-43.309069116780066,-22.813855005893576],[-43.30901339449958,-22.818368565736222],[-43.304144457485556,-22.81831685738017],[-43.304200332616304,-22.81380329457548],[-43.309069116780066,-22.813855005893576]]]}"
00000000000000000099,9.560668169063591,363.0,"{""type"":""Polygon"",""coordinates"":[[[-43.304200332616304,-22.81380329457548],[-43.304144457485556,-22.81831685738017],[-43.299275562741336,-22.818264905609066],[-43.299331590750114,-22.813751412654824],[-43.304200332616304,-22.81380329457548]]]}"
0000000000000000009a,13.357148680769415,84.0,"{""type"":""Polygon"",""coordinates"":[[[-43.299331590750114,-22.813751412654824],[-43.299275562741336,-22.818264905609066],[-43.29440184438115,-22.818212821519975],[-43.294458025301196,-22.81369932549831],[-43.299331590750114,-22.813751412654824]]]}"
0000000000000000009b,20.18396475107328,87.0,"{""type"":""Polygon"",""coordinates"":[[[-43.294458025301196,-22.81369932549831],[-43.29440184438115,-22.818212821519975],[-43.289532960509966,-22.81816062581567],[-43.28958929436366,-22.813647127034226],[-43.294458025301196,-22.81369932549831]]]}"
0000000000000000009c,5.866917765222843,89.0,"{""type"":""Polygon"",""coordinates"":[[[-43.28958929436366,-22.813647127034226],[-43.289532960509966,-22.81816062581567],[-43.28466404569379,-22.818108284315358],[-43.28472060625148,-22.813594758014577],[-43.28958929436366,-22.813647127034226]]]}"
0000000000000000009d,6.210772128060262,92.0,"{""type"":""Polygon"",""coordinates"":[[[-43.28472060625148,-22.813594758014577],[-43.28466404569379,-22.818108284315358],[-43.27979524759137,-22.81805582014129],[-43.27985188739566,-22.813542316038326],[-43.28472060625148,-22.813594758014577]]]}"
0000000000000000009e,8.448109125117593,258.0,"{""type"":""Polygon"",""coordinates"":[[[-43.27985188739566,-22.813542316038326],[-43.27979524759137,-22.81805582014129],[-43.27492155093195,-22.81800310218187],[-43.27497841751558,-22.813489570454077],[-43.27985188739566,-22.813542316038326]]]}"
0000000000000000009f,6.409546524399807,270.0,"{""type"":""Polygon"",""coordinates"":[[[-43.27497841751558,-22.813489570454077],[-43.27492155093195,-22.81800310218187],[-43.27005269132009,-22.81795034628547],[-43.27010971095562,-22.813436812061415],[-43.27497841751558,-22.813489570454077]]]}"
000000000000000000a0,3.3554495528008776,97.0,"{""type"":""Polygon"",""coordinates"":[[[-43.26036763298141,-22.813330795645587],[-43.260310307153425,-22.81784426212344],[-43.2554415043085,-22.817791019218213],[-43.25549898327163,-22.81327755044651],[-43.26036763298141,-22.813330795645587]]]}"
000000000000000000a1,5.215456468653287,102.0,"{""type"":""Polygon"",""coordinates"":[[[-43.25549898327163,-22.81327755044651],[-43.2554415043085,-22.817791019218213],[-43.25057274548352,-22.81773760580602],[-43.25063037760946,-22.813224207592462],[-43.25549898327163,-22.81327755044651]]]}"
000000000000000000a2,10.95101694915254,109.0,"{""type"":""Polygon"",""coordinates"":[[[-43.25063037760946,-22.813224207592462],[-43.25057274548352,-22.81773760580602],[-43.2457039570593,-22.81768411950489],[-43.245761816175694,-22.813170621535413],[-43.25063037760946,-22.813224207592462]]]}"
000000000000000000a3,10.047035585514971,117.0,"{""type"":""Polygon"",""coordinates"":[[[-43.245761816175694,-22.813170621535413],[-43.2457039570593,-22.81768411950489],[-43.240830415540955,-22.817630328369752],[-43.24088835408131,-22.813116925665664],[-43.245761816175694,-22.813170621535413]]]}"
000000000000000000a4,8.713962875311513,126.0,"{""type"":""Polygon"",""coordinates"":[[[-43.24088835408131,-22.813116925665664],[-43.240830415540955,-22.817630328369752],[-43.23596164175245,-22.817576525740762],[-43.23601980735302,-22.813063096204115],[-43.24088835408131,-22.813116925665664]]]}"
000000000000000000a5,22.53291567535671,134.0,"{""type"":""Polygon"",""coordinates"":[[[-43.23601980735302,-22.813063096204115],[-43.23596164175245,-22.817576525740762],[-43.231092986499895,-22.817522527867503],[-43.23115123155989,-22.813009121178588],[-43.23601980735302,-22.813063096204115]]]}"
000000000000000000a6,21.036867776947744,142.0,"{""type"":""Polygon"",""coordinates"":[[[-43.23115123155989,-22.813009121178588],[-43.231092986499895,-22.817522527867503],[-43.22622422849984,-22.81746840918659],[-43.226282700689744,-22.812955048604373],[-43.23115123155989,-22.813009121178588]]]}"
000000000000000000a7,6.032349898103149,151.0,"{""type"":""Polygon"",""coordinates"":[[[-43.226282700689744,-22.812955048604373],[-43.22622422849984,-22.81746840918659],[-43.221350716239705,-22.817414057675524],[-43.22140934177144,-22.812900695029754],[-43.226282700689744,-22.812955048604373]]]}"
000000000000000000a8,17.213416280077087,163.0,"{""type"":""Polygon"",""coordinates"":[[[-43.22140934177144,-22.812900695029754],[-43.221350716239705,-22.817414057675524],[-43.21648212192217,-22.817359645997033],[-43.2165409008177,-22.81284628159861],[-43.22140934177144,-22.812900695029754]]]}"
000000000000000000a9,21.385831763967353,172.0,"{""type"":""Polygon"",""coordinates"":[[[-43.2165409008177,-22.81284628159861],[-43.21648212192217,-22.817359645997033],[-43.21161342534244,-22.81730511355574],[-43.21167235762958,-22.812791747464548],[-43.2165409008177,-22.81284628159861]]]}"
000000000000000000aa,17.502718294403522,181.0,"{""type"":""Polygon"",""coordinates"":[[[-43.21167235762958,-22.812791747464548],[-43.21161342534244,-22.81730511355574],[-43.20673997363613,-22.817250274881637],[-43.20679905934813,-22.812736979745903],[-43.21167235762958,-22.812791747464548]]]}"
000000000000000000ab,26.083765952504997,188.0,"{""type"":""Polygon"",""coordinates"":[[[-43.20679905934813,-22.812736979745903],[-43.20673997363613,-22.817250274881637],[-43.201871367952855,-22.817195401539223],[-43.2019306071117,-22.81268210484968],[-43.20679905934813,-22.812736979745903]]]}"
000000000000000000ac,36.85166445910572,193.0,"{""type"":""Polygon"",""coordinates"":[[[-43.2019306071117,-22.81268210484968],[-43.201871367952855,-22.817195401539223],[-43.197002734349994,-22.81714038267403],[-43.19706220085475,-22.81262705970479],[-43.2019306071117,-22.81268210484968]]]}"
000000000000000000ad,47.86296210271251,196.0,"{""type"":""Polygon"",""coordinates"":[[[-43.19706220085475,-22.81262705970479],[-43.197002734349994,-22.81714038267403],[-43.19213414686558,-22.817085266338868],[-43.192193766879626,-22.812571941948573],[-43.19706220085475,-22.81262705970479]]]}"
000000000000000000ae,22.209054710769717,11.0,"{""type"":""Polygon"",""coordinates"":[[[-43.192193766879626,-22.812571941948573],[-43.19213414686558,-22.817085266338868],[-43.18726072921957,-22.817029867767165],[-43.18732050277627,-22.812516541780084],[-43.192193766879626,-22.812571941948573]]]}"
000000000000000000af,34.985385972291084,22.0,"{""type"":""Polygon"",""coordinates"":[[[-43.18732050277627,-22.812516541780084],[-43.18726072921957,-22.817029867767165],[-43.18239216015032,-22.816974435464367],[-43.18245208727159,-22.81246110818748],[-43.18732050277627,-22.812516541780084]]]}"
000000000000000000b0,36.6100188323917,33.0,"{""type"":""Polygon"",""coordinates"":[[[-43.18245208727159,-22.81246110818748],[-43.18239216015032,-22.816974435464367],[-43.17752363772797,-22.816918760071264],[-43.17758371844136,-22.8124055044165],[-43.18245208727159,-22.81246110818748]]]}"
000000000000000000b1,4.801260385640386,45.0,"{""type"":""Polygon"",""coordinates"":[[[-43.17758371844136,-22.8124055044165],[-43.17752363772797,-22.816918760071264],[-43.17265028425788,-22.81686294752279],[-43.1727105185968,-22.81234969047375],[-43.17758371844136,-22.8124055044165]]]}"
000000000000000000b2,2.4213846742958283,63.0,"{""type"":""Polygon"",""coordinates"":[[[-43.1629737932302,-22.812237778953662],[-43.167842169272724,-22.81229377096221],[-43.16778178128644,-22.816807029098282],[-43.162913251568924,-22.81675096525702],[-43.1629737932302,-22.812237778953662]]]}"
000000000000000000b3,2.827230553864116,67.0,"{""type"":""Polygon"",""coordinates"":[[[-43.1629737932302,-22.812237778953662],[-43.162913251568924,-22.81675096525702],[-43.15804476919345,-22.816694804092872],[-43.158105464557266,-22.812181543977488],[-43.1629737932302,-22.812237778953662]]]}"
000000000000000000b4,15.150635493488139,340.0,"{""type"":""Polygon"",""coordinates"":[[[-43.32362509952337,-22.818522992440187],[-43.32356983557106,-22.82303663736805],[-43.31870069420903,-22.82298527421446],[-43.31875611092848,-22.818471698845915],[-43.32362509952337,-22.818522992440187]]]}"
000000000000000000b5,21.166264908976782,346.0,"{""type"":""Polygon"",""coordinates"":[[[-43.31875611092848,-22.818471698845915],[-43.31870069420903,-22.82298527421446],[-43.31383159456128,-22.822933812994485],[-43.31388716407567,-22.818420234527025],[-43.31875611092848,-22.818471698845915]]]}"
000000000000000000b6,14.226396989651926,351.0,"{""type"":""Polygon"",""coordinates"":[[[-43.31388716407567,-22.818420234527025],[-43.31383159456128,-22.822933812994485],[-43.308957672157035,-22.82288214747939],[-43.30901339449958,-22.818368565736222],[-43.31388716407567,-22.818420234527025]]]}"
000000000000000000b7,7.743059783461476,357.0,"{""type"":""Polygon"",""coordinates"":[[[-43.30901339449958,-22.818368565736222],[-43.308957672157035,-22.82288214747939],[-43.304088582292415,-22.822830369350193],[-43.304144457485556,-22.81831685738017],[-43.30901339449958,-22.818368565736222]]]}"
000000000000000000b8,13.393261812543535,80.0,"{""type"":""Polygon"",""coordinates"":[[[-43.304144457485556,-22.81831685738017],[-43.304088582292415,-22.822830369350193],[-43.29921946094864,-22.822778518057543],[-43.299275562741336,-22.818264905609066],[-43.304144457485556,-22.81831685738017]]]}"
000000000000000000b9,25.32358936086147,83.0,"{""type"":""Polygon"",""coordinates"":[[[-43.299275562741336,-22.818264905609066],[-43.29921946094864,-22.822778518057543],[-43.2943455896697,-22.822726364294834],[-43.29440184438115,-22.818212821519975],[-43.299275562741336,-22.818264905609066]]]}"
000000000000000000ba,22.280712765890662,86.0,"{""type"":""Polygon"",""coordinates"":[[[-43.29440184438115,-22.818212821519975],[-43.2943455896697,-22.822726364294834],[-43.28947655285738,-22.822674171354716],[-43.289532960509966,-22.81816062581567],[-43.29440184438115,-22.818212821519975]]]}"
000000000000000000bb,7.546666080777388,234.0,"{""type"":""Polygon"",""coordinates"":[[[-43.289532960509966,-22.81816062581567],[-43.28947655285738,-22.822674171354716],[-43.28460748507222,-22.82262183255503],[-43.28466404569379,-22.818108284315358],[-43.289532960509966,-22.81816062581567]]]}"
000000000000000000bc,5.494092906465784,245.0,"{""type"":""Polygon"",""coordinates"":[[[-43.28466404569379,-22.818108284315358],[-43.28460748507222,-22.82262183255503],[-43.2797385339732,-22.822569298249356],[-43.27979524759137,-22.81805582014129],[-43.28466404569379,-22.818108284315358]]]}"
000000000000000000bd,7.980301034807153,257.0,"{""type"":""Polygon"",""coordinates"":[[[-43.27979524759137,-22.81805582014129],[-43.2797385339732,-22.822569298249356],[-43.27486468428382,-22.822516583095787],[-43.27492155093195,-22.81800310218187],[-43.27979524759137,-22.81805582014129]]]}"
000000000000000000be,6.874395104346459,269.0,"{""type"":""Polygon"",""coordinates"":[[[-43.27492155093195,-22.81800310218187],[-43.27486468428382,-22.822516583095787],[-43.2699956716197,-22.822463829697963],[-43.27005269132009,-22.81795034628547],[-43.27492155093195,-22.81800310218187]]]}"
000000000000000000bf,-0.3115925198209679,282.0,"{""type"":""Polygon"",""coordinates"":[[[-43.27005269132009,-22.81795034628547],[-43.2699956716197,-22.822463829697963],[-43.2651267024198,-22.82241083290499],[-43.26518387520015,-22.817897419834594],[-43.27005269132009,-22.81795034628547]]]}"
000000000000000000c0,2.298470172443013,101.0,"{""type"":""Polygon"",""coordinates"":[[[-43.2554415043085,-22.817791019218213],[-43.25538395149382,-22.822304462004237],[-43.25051503949852,-22.82225105081892],[-43.25057274548352,-22.81773760580602],[-43.2554415043085,-22.817791019218213]]]}"
000000000000000000c1,3.442391713747645,108.0,"{""type"":""Polygon"",""coordinates"":[[[-43.25057274548352,-22.81773760580602],[-43.25051503949852,-22.82225105081892],[-43.24564609787621,-22.82219749389219],[-43.2457039570593,-22.81768411950489],[-43.25057274548352,-22.81773760580602]]]}"
000000000000000000c2,6.233215237498043,116.0,"{""type"":""Polygon"",""coordinates"":[[[-43.2457039570593,-22.81768411950489],[-43.24564609787621,-22.82219749389219],[-43.24077240312656,-22.822143777882033],[-43.240830415540955,-22.817630328369752],[-43.2457039570593,-22.81768411950489]]]}"
000000000000000000c3,4.054130231448636,125.0,"{""type"":""Polygon"",""coordinates"":[[[-43.240830415540955,-22.817630328369752],[-43.24077240312656,-22.822143777882033],[-43.23590347608454,-22.8220899044884],[-43.23596164175245,-22.817576525740762],[-43.240830415540955,-22.817630328369752]]]}"
000000000000000000c4,6.790208473267583,133.0,"{""type"":""Polygon"",""coordinates"":[[[-43.23596164175245,-22.817576525740762],[-43.23590347608454,-22.8220899044884],[-43.23103466755087,-22.822035908572385],[-43.231092986499895,-22.817522527867503],[-43.23596164175245,-22.817576525740762]]]}"
000000000000000000c5,6.06129354233234,141.0,"{""type"":""Polygon"",""coordinates"":[[[-43.231092986499895,-22.817522527867503],[-43.23103466755087,-22.822035908572385],[-43.22616575624189,-22.82198179178887],[-43.22622422849984,-22.81746840918659],[-43.231092986499895,-22.817522527867503]]]}"
000000000000000000c6,2.253230913936353,150.0,"{""type"":""Polygon"",""coordinates"":[[[-43.22622422849984,-22.81746840918659],[-43.22616575624189,-22.82198179178887],[-43.22129209063958,-22.82192744234764],[-43.221350716239705,-22.817414057675524],[-43.22622422849984,-22.81746840918659]]]}"
000000000000000000c7,4.557994714342209,162.0,"{""type"":""Polygon"",""coordinates"":[[[-43.221350716239705,-22.817414057675524],[-43.22129209063958,-22.82192744234764],[-43.21642326911494,-22.821872984419773],[-43.21648212192217,-22.817359645997033],[-43.221350716239705,-22.817414057675524]]]}"
000000000000000000c8,8.143608716099711,180.0,"{""type"":""Polygon"",""coordinates"":[[[-43.21161342534244,-22.81730511355574],[-43.21155449298625,-22.821818428868927],[-43.20668081399747,-22.821763616862906],[-43.20673997363613,-22.817250274881637],[-43.21161342534244,-22.81730511355574]]]}"
000000000000000000c9,14.10299370374321,187.0,"{""type"":""Polygon"",""coordinates"":[[[-43.20673997363613,-22.817250274881637],[-43.20668081399747,-22.821763616862906],[-43.20181205485986,-22.821708745078734],[-43.201871367952855,-22.817195401539223],[-43.20673997363613,-22.817250274881637]]]}"
000000000000000000ca,6.509387888337171,192.0,"{""type"":""Polygon"",""coordinates"":[[[-43.201871367952855,-22.817195401539223],[-43.20181205485986,-22.821708745078734],[-43.196943267774955,-22.821653727708092],[-43.197002734349994,-22.81714038267403],[-43.201871367952855,-22.817195401539223]]]}"
000000000000000000cb,12.034896640907979,5.0,"{""type"":""Polygon"",""coordinates"":[[[-43.197002734349994,-22.81714038267403],[-43.196943267774955,-22.821653727708092],[-43.192074526780914,-22.82159853996747],[-43.19213414686558,-22.817085266338868],[-43.197002734349994,-22.81714038267403]]]}"
000000000000000000cc,20.19367926007211,10.0,"{""type"":""Polygon"",""coordinates"":[[[-43.19213414686558,-22.817085266338868],[-43.192074526780914,-22.82159853996747],[-43.18720095559189,-22.821543142994898],[-43.18726072921957,-22.817029867767165],[-43.19213414686558,-22.817085266338868]]]}"
000000000000000000cd,8.352532030960642,21.0,"{""type"":""Polygon"",""coordinates"":[[[-43.18726072921957,-22.817029867767165],[-43.18720095559189,-22.821543142994898],[-43.18233223295775,-22.821487711984233],[-43.18239216015032,-22.816974435464367],[-43.18726072921957,-22.817029867767165]]]}"
000000000000000000ce,22.053791588198365,32.0,"{""type"":""Polygon"",""coordinates"":[[[-43.18239216015032,-22.816974435464367],[-43.18233223295775,-22.821487711984233],[-43.17746355694292,-22.821432037815445],[-43.17752363772797,-22.816918760071264],[-43.18239216015032,-22.816974435464367]]]}"
000000000000000000cf,5.939162878194075,44.0,"{""type"":""Polygon"",""coordinates"":[[[-43.17752363772797,-22.816918760071264],[-43.17746355694292,-22.821432037815445],[-43.17259004984695,-22.821376226667546],[-43.17265028425788,-22.81686294752279],[-43.17752363772797,-22.816918760071264]]]}"
000000000000000000d0,1.0772185987533036,56.0,"{""type"":""Polygon"",""coordinates"":[[[-43.17265028425788,-22.81686294752279],[-43.17259004984695,-22.821376226667546],[-43.16772131931337,-22.82132033412231],[-43.16778178128644,-22.816807029098282],[-43.17265028425788,-22.81686294752279]]]}"
000000000000000000d1,1.4358729700378525,62.0,"{""type"":""Polygon"",""coordinates"":[[[-43.16778178128644,-22.816807029098282],[-43.16772131931337,-22.82132033412231],[-43.16285270983494,-22.82126424652471],[-43.162913251568924,-22.81675096525702],[-43.16778178128644,-22.816807029098282]]]}"
000000000000000000d2,14.008669177652225,345.0,"{""type"":""Polygon"",""coordinates"":[[[-43.31870069420903,-22.82298527421446],[-43.31864520373558,-22.82750340547976],[-43.313775951285386,-22.827451874875827],[-43.31383159456128,-22.822933812994485],[-43.31870069420903,-22.82298527421446]]]}"
000000000000000000d3,12.11167764189401,75.0,"{""type"":""Polygon"",""coordinates"":[[[-43.31383159456128,-22.822933812994485],[-43.313775951285386,-22.827451874875827],[-43.30890180233857,-22.827400237727456],[-43.308957672157035,-22.82288214747939],[-43.31383159456128,-22.822933812994485]]]}"
000000000000000000d4,10.94340498980072,77.0,"{""type"":""Polygon"",""coordinates"":[[[-43.308957672157035,-22.82288214747939],[-43.30890180233857,-22.827400237727456],[-43.30403255960869,-22.82734846281134],[-43.304088582292415,-22.822830369350193],[-43.308957672157035,-22.82288214747939]]]}"
000000000000000000d5,17.974614095328967,79.0,"{""type"":""Polygon"",""coordinates"":[[[-43.304088582292415,-22.822830369350193],[-43.30403255960869,-22.82734846281134],[-43.29916335909307,-22.827296517082623],[-43.29921946094864,-22.822778518057543],[-43.304088582292415,-22.822830369350193]]]}"
000000000000000000d6,10.897039178671552,82.0,"{""type"":""Polygon"",""coordinates"":[[[-43.29921946094864,-22.822778518057543],[-43.29916335909307,-22.827296517082623],[-43.2942892611666,-22.82724439147867],[-43.2943455896697,-22.822726364294834],[-43.29921946094864,-22.822778518057543]]]}"
000000000000000000d7,8.8382488623882,85.0,"{""type"":""Polygon"",""coordinates"":[[[-43.2943455896697,-22.822726364294834],[-43.2942892611666,-22.82724439147867],[-43.28942007140564,-22.82719220154959],[-43.28947655285738,-22.822674171354716],[-43.2943455896697,-22.822726364294834]]]}"
000000000000000000d8,7.436845177935829,88.0,"{""type"":""Polygon"",""coordinates"":[[[-43.28947655285738,-22.822674171354716],[-43.28942007140564,-22.82719220154959],[-43.28455092438681,-22.827139840862777],[-43.28460748507222,-22.82262183255503],[-43.28947655285738,-22.822674171354716]]]}"
000000000000000000d9,8.650376647834268,244.0,"{""type"":""Polygon"",""coordinates"":[[[-43.28460748507222,-22.82262183255503],[-43.28455092438681,-22.827139840862777],[-43.27968174654087,-22.827087334267897],[-43.2797385339732,-22.822569298249356],[-43.28460748507222,-22.82262183255503]]]}"
000000000000000000da,4.811125744747572,256.0,"{""type"":""Polygon"",""coordinates"":[[[-43.2797385339732,-22.822569298249356],[-43.27968174654087,-22.827087334267897],[-43.27480774381404,-22.827034622171148],[-43.27486468428382,-22.822516583095787],[-43.2797385339732,-22.822569298249356]]]}"
000000000000000000db,4.7200062764788955,268.0,"{""type"":""Polygon"",""coordinates"":[[[-43.27486468428382,-22.822516583095787],[-43.27480774381404,-22.827034622171148],[-43.26993857809017,-22.826981798753014],[-43.2699956716197,-22.822463829697963],[-43.27486468428382,-22.822516583095787]]]}"
000000000000000000dc,2.4226715463179747,281.0,"{""type"":""Polygon"",""coordinates"":[[[-43.2699956716197,-22.822463829697963],[-43.26993857809017,-22.826981798753014],[-43.2650694558028,-22.82692880463762],[-43.2651267024198,-22.82241083290499],[-43.2699956716197,-22.822463829697963]]]}"
000000000000000000dd,4.053327055869425,107.0,"{""type"":""Polygon"",""coordinates"":[[[-43.25051503949852,-22.82225105081892],[-43.25045733344716,-22.826768957646816],[-43.24558823862643,-22.826715403131818],[-43.24564609787621,-22.82219749389219],[-43.25051503949852,-22.82225105081892]]]}"
000000000000000000de,2.7923248158018485,115.0,"{""type"":""Polygon"",""coordinates"":[[[-43.24564609787621,-22.82219749389219],[-43.24558823862643,-22.826715403131818],[-43.240714316837874,-22.826661641730833],[-43.24077240312656,-22.822143777882033],[-43.24564609787621,-22.82219749389219]]]}"
000000000000000000df,6.241894275616597,124.0,"{""type"":""Polygon"",""coordinates"":[[[-43.24077240312656,-22.822143777882033],[-43.240714316837874,-22.826661641730833],[-43.235845310349255,-22.82660781859344],[-43.23590347608454,-22.8220899044884],[-43.24077240312656,-22.822143777882033]]]}"
000000000000000000e0,4.55668200450719,132.0,"{""type"":""Polygon"",""coordinates"":[[[-43.23590347608454,-22.8220899044884],[-43.235845310349255,-22.82660781859344],[-43.23097627471257,-22.826553776899733],[-43.23103466755087,-22.822035908572385],[-43.23590347608454,-22.8220899044884]]]}"
000000000000000000e1,13.984398808590697,9.0,"{""type"":""Polygon"",""coordinates"":[[[-43.192074526780914,-22.82159853996747],[-43.192014906625644,-22.82611627839771],[-43.187141108007324,-22.826060908069906],[-43.18720095559189,-22.821543142994898],[-43.192074526780914,-22.82159853996747]]]}"
000000000000000000e2,32.66017991324489,20.0,"{""type"":""Polygon"",""coordinates"":[[[-43.18720095559189,-22.821543142994898],[-43.187141108007324,-22.826060908069906],[-43.18227223180078,-22.826005405756625],[-43.18233223295775,-22.821487711984233],[-43.18720095559189,-22.821543142994898]]]}"
000000000000000000e3,6.867432517263025,31.0,"{""type"":""Polygon"",""coordinates"":[[[-43.18233223295775,-22.821487711984233],[-43.18227223180078,-22.826005405756625],[-43.17740340218598,-22.825949805899473],[-43.17746355694292,-22.821432037815445],[-43.18233223295775,-22.821487711984233]]]}"
000000000000000000e4,6.489155039974918,43.0,"{""type"":""Polygon"",""coordinates"":[[[-43.17746355694292,-22.821432037815445],[-43.17740340218598,-22.825949805899473],[-43.17252974145664,-22.825893923549643],[-43.17259004984695,-22.821376226667546],[-43.17746355694292,-22.821432037815445]]]}"
000000000000000000e5,9.788620284869525,55.0,"{""type"":""Polygon"",""coordinates"":[[[-43.17259004984695,-22.821376226667546],[-43.17252974145664,-22.825893923549643],[-43.167660857267784,-22.825838032343785],[-43.16772131931337,-22.82132033412231],[-43.17259004984695,-22.821376226667546]]]}"
000000000000000000e6,2.5698645959535704,61.0,"{""type"":""Polygon"",""coordinates"":[[[-43.16772131931337,-22.82132033412231],[-43.167660857267784,-22.825838032343785],[-43.16279209410661,-22.825781873157286],[-43.16285270983494,-22.82126424652471],[-43.16772131931337,-22.82132033412231]]]}"
000000000000000000e7,1.0406208842897469,74.0,"{""type"":""Polygon"",""coordinates"":[[[-43.313775951285386,-22.827451874875827],[-43.31372030794759,-22.8319655217359],[-43.30884607987174,-22.831913790291956],[-43.30890180233857,-22.827400237727456],[-43.313775951285386,-22.827451874875827]]]}"
000000000000000000e8,6.933933783147653,76.0,"{""type"":""Polygon"",""coordinates"":[[[-43.30890180233857,-22.827400237727456],[-43.30884607987174,-22.831913790291956],[-43.303976610576434,-22.831862043198218],[-43.30403255960869,-22.82734846281134],[-43.30890180233857,-22.827400237727456]]]}"
000000000000000000e9,11.13628916328209,78.0,"{""type"":""Polygon"",""coordinates"":[[[-43.30403255960869,-22.82734846281134],[-43.303976610576434,-22.831862043198218],[-43.299107257174626,-22.831810100376877],[-43.29916335909307,-22.827296517082623],[-43.30403255960869,-22.82734846281134]]]}"
000000000000000000ea,31.006227696630262,81.0,"{""type"":""Polygon"",""coordinates"":[[[-43.29916335909307,-22.827296517082623],[-43.299107257174626,-22.831810100376877],[-43.29423300632865,-22.8317579778608],[-43.2942892611666,-22.82724439147867],[-43.29916335909307,-22.827296517082623]]]}"
000000000000000000eb,18.665984622626713,224.0,"{""type"":""Polygon"",""coordinates"":[[[-43.2942892611666,-22.82724439147867],[-43.29423300632865,-22.8317579778608],[-43.28936366362589,-22.831705717954453],[-43.28942007140564,-22.82719220154959],[-43.2942892611666,-22.82724439147867]]]}"
000000000000000000ec,11.805340899817317,233.0,"{""type"":""Polygon"",""coordinates"":[[[-43.28942007140564,-22.82719220154959],[-43.28936366362589,-22.831705717954453],[-43.28449428989466,-22.831653384811403],[-43.28455092438681,-22.827139840862777],[-43.28942007140564,-22.82719220154959]]]}"
000000000000000000ed,16.441826741996234,243.0,"{""type"":""Polygon"",""coordinates"":[[[-43.28455092438681,-22.827139840862777],[-43.28449428989466,-22.831653384811403],[-43.27962495904419,-22.83160080809453],[-43.27968174654087,-22.827087334267897],[-43.28455092438681,-22.827139840862777]]]}"
000000000000000000ee,8.57118756741841,255.0,"{""type"":""Polygon"",""coordinates"":[[[-43.27968174654087,-22.827087334267897],[-43.27962495904419,-22.83160080809453],[-43.27475080327957,-22.831548098810345],[-43.27480774381404,-22.827034622171148],[-43.27968174654087,-22.827087334267897]]]}"
000000000000000000ef,6.323169430461577,267.0,"{""type"":""Polygon"",""coordinates"":[[[-43.27480774381404,-22.827034622171148],[-43.27475080327957,-22.831548098810345],[-43.26988148449562,-22.831495277897208],[-43.26993857809017,-22.826981798753014],[-43.27480774381404,-22.827034622171148]]]}"
000000000000000000f0,3.6231975944909327,280.0,"{""type"":""Polygon"",""coordinates"":[[[-43.26993857809017,-22.826981798753014],[-43.26988148449562,-22.831495277897208],[-43.26501220912046,-22.831442286219424],[-43.2650694558028,-22.82692880463762],[-43.26993857809017,-22.826981798753014]]]}"
000000000000000000f1,1.9749261519357286,292.0,"{""type"":""Polygon"",""coordinates"":[[[-43.2650694558028,-22.82692880463762],[-43.26501220912046,-22.831442286219424],[-43.26013810794023,-22.831389088620714],[-43.260195507743646,-22.82687567720239],[-43.2650694558028,-22.82692880463762]]]}"
000000000000000000f2,5.813276836158189,106.0,"{""type"":""Polygon"",""coordinates"":[[[-43.25045733344716,-22.826768957646816],[-43.25039962732946,-22.83128237360322],[-43.24553037930996,-22.831228821260094],[-43.24558823862643,-22.826715403131818],[-43.25045733344716,-22.826768957646816]]]}"
000000000000000000f3,3.026323875215549,114.0,"{""type"":""Polygon"",""coordinates"":[[[-43.24558823862643,-22.826715403131818],[-43.24553037930996,-22.831228821260094],[-43.240656304289345,-22.83117506220733],[-43.240714316837874,-22.826661641730833],[-43.24558823862643,-22.826715403131818]]]}"
000000000000000000f4,2.8363663756034168,123.0,"{""type"":""Polygon"",""coordinates"":[[[-43.240714316837874,-22.826661641730833],[-43.240656304289345,-22.83117506220733],[-43.235787070732094,-22.831121193129217],[-43.235845310349255,-22.82660781859344],[-43.240714316837874,-22.826661641730833]]]}"
000000000000000000f5,43.697217182782055,19.0,"{""type"":""Polygon"",""coordinates"":[[[-43.187141108007324,-22.826060908069906],[-43.187081334237654,-22.83057422720595],[-43.18221230446552,-22.83051872619712],[-43.18227223180078,-22.826005405756625],[-43.187141108007324,-22.826060908069906]]]}"
000000000000000000f6,20.622598870056482,30.0,"{""type"":""Polygon"",""coordinates"":[[[-43.18227223180078,-22.826005405756625],[-43.18221230446552,-22.83051872619712],[-43.17734332125755,-22.830463054731883],[-43.17740340218598,-22.825949805899473],[-43.18227223180078,-22.826005405756625]]]}"
000000000000000000f7,2.1878727073208966,42.0,"{""type"":""Polygon"",""coordinates"":[[[-43.17740340218598,-22.825949805899473],[-43.17734332125755,-22.830463054731883],[-43.17246943299417,-22.830407198586354],[-43.17252974145664,-22.825893923549643],[-43.17740340218598,-22.825949805899473]]]}"
000000000000000000f8,8.179766605357148,54.0,"{""type"":""Polygon"",""coordinates"":[[[-43.17252974145664,-22.825893923549643],[-43.17246943299417,-22.830407198586354],[-43.16760046906428,-22.83035121083763],[-43.167660857267784,-22.825838032343785],[-43.17252974145664,-22.825893923549643]]]}"
000000000000000000f9,0.0,200.0,"{""type"":""Polygon"",""coordinates"":[[[-43.323403895976455,-22.836581897676194],[-43.31853429629667,-22.83653054429296],[-43.31858971320055,-22.83201697650038],[-43.32345916011221,-22.832068333064406],[-43.323403895976455,-22.836581897676194]]]}"
000000000000000000fa,0.0,202.0,"{""type"":""Polygon"",""coordinates"":[[[-43.31372030794759,-22.8319655217359],[-43.31858971320055,-22.83201697650038],[-43.31853429629667,-22.83653054429296],[-43.3136646645479,-22.83647904476111],[-43.31372030794759,-22.8319655217359]]]}"
000000000000000000fb,0.0,204.0,"{""type"":""Polygon"",""coordinates"":[[[-43.31372030794759,-22.8319655217359],[-43.3136646645479,-22.83647904476111],[-43.30879028363575,-22.836427389339967],[-43.30884607987174,-22.831913790291956],[-43.31372030794759,-22.8319655217359]]]}"
000000000000000000fc,0.0,208.0,"{""type"":""Polygon"",""coordinates"":[[[-43.30884607987174,-22.831913790291956],[-43.30879028363575,-22.836427389339967],[-43.30392066148162,-22.836375572488645],[-43.303976610576434,-22.831862043198218],[-43.30884607987174,-22.831913790291956]]]}"
000000000000000000fd,0.0,213.0,"{""type"":""Polygon"",""coordinates"":[[[-43.303976610576434,-22.831862043198218],[-43.30392066148162,-22.836375572488645],[-43.2990511551933,-22.83632363257699],[-43.299107257174626,-22.831810100376877],[-43.303976610576434,-22.831862043198218]]]}"
000000000000000000fe,25.657683648063017,218.0,"{""type"":""Polygon"",""coordinates"":[[[-43.299107257174626,-22.831810100376877],[-43.2990511551933,-22.83632363257699],[-43.29417675142751,-22.836271513151072],[-43.29423300632865,-22.8317579778608],[-43.299107257174626,-22.831810100376877]]]}"
000000000000000000ff,38.18371036179667,223.0,"{""type"":""Polygon"",""coordinates"":[[[-43.29423300632865,-22.8317579778608],[-43.29417675142751,-22.836271513151072],[-43.28930725578263,-22.836219256023472],[-43.28936366362589,-22.831705717954453],[-43.29423300632865,-22.8317579778608]]]}"
00000000000000000100,19.906382604765614,232.0,"{""type"":""Polygon"",""coordinates"":[[[-43.28936366362589,-22.831705717954453],[-43.28930725578263,-22.836219256023472],[-43.28443772908143,-22.836166852837625],[-43.28449428989466,-22.831653384811403],[-43.28936366362589,-22.831705717954453]]]}"
00000000000000000101,15.540056497175124,242.0,"{""type"":""Polygon"",""coordinates"":[[[-43.28449428989466,-22.831653384811403],[-43.28443772908143,-22.836166852837625],[-43.279568245233264,-22.83611427876459],[-43.27962495904419,-22.83160080809453],[-43.28449428989466,-22.831653384811403]]]}"
00000000000000000102,12.307114366705978,254.0,"{""type"":""Polygon"",""coordinates"":[[[-43.27962495904419,-22.83160080809453],[-43.279568245233264,-22.83611427876459],[-43.27469393643769,-22.836061572301087],[-43.27475080327957,-22.831548098810345],[-43.27962495904419,-22.83160080809453]]]}"
00000000000000000103,7.9269910810115265,266.0,"{""type"":""Polygon"",""coordinates"":[[[-43.27475080327957,-22.831548098810345],[-43.27469393643769,-22.836061572301087],[-43.26982446460051,-22.836008753901105],[-43.26988148449562,-22.831495277897208],[-43.27475080327957,-22.831548098810345]]]}"
00000000000000000104,8.306495251128371,279.0,"{""type"":""Polygon"",""coordinates"":[[[-43.26988148449562,-22.831495277897208],[-43.26982446460051,-22.836008753901105],[-43.26495496237276,-22.835955789503778],[-43.26501220912046,-22.831442286219424],[-43.26988148449562,-22.831495277897208]]]}"
00000000000000000105,5.981260465728855,291.0,"{""type"":""Polygon"",""coordinates"":[[[-43.26501220912046,-22.831442286219424],[-43.26495496237276,-22.835955789503778],[-43.260080708071115,-22.83590259452544],[-43.26013810794023,-22.831389088620714],[-43.26501220912046,-22.831442286219424]]]}"
00000000000000000106,4.765994037345046,303.0,"{""type"":""Polygon"",""coordinates"":[[[-43.26013810794023,-22.831389088620714],[-43.260080708071115,-22.83590259452544],[-43.25521129265366,-22.835849288295258],[-43.25526884566641,-22.8313358528595],[-43.26013810794023,-22.831389088620714]]]}"
00000000000000000107,7.449424674713898,113.0,"{""type"":""Polygon"",""coordinates"":[[[-43.24553037930996,-22.831228821260094],[-43.24547244612653,-22.835742285942725],[-43.24059829167379,-22.835688504417202],[-43.240656304289345,-22.83117506220733],[-43.24553037930996,-22.831228821260094]]]}"
00000000000000000108,4.763717741884851,122.0,"{""type"":""Polygon"",""coordinates"":[[[-43.240656304289345,-22.83117506220733],[-43.24059829167379,-22.835688504417202],[-43.235728904862,-22.835634637386164],[-43.235787070732094,-22.831121193129217],[-43.240656304289345,-22.83117506220733]]]}"
00000000000000000109,6.136535697022576,18.0,"{""type"":""Polygon"",""coordinates"":[[[-43.187081334237654,-22.83057422720595],[-43.18702156039703,-22.835087495313356],[-43.182152377058955,-22.83503192276966],[-43.18221230446552,-22.83051872619712],[-43.187081334237654,-22.83057422720595]]]}"
0000000000000000010a,0.34972252704185647,41.0,"{""type"":""Polygon"",""coordinates"":[[[-43.17734332125755,-22.830463054731883],[-43.17728316635706,-22.83497627734081],[-43.17240912445951,-22.83492042260845],[-43.17246943299417,-22.830407198586354],[-43.17734332125755,-22.830463054731883]]]}"
0000000000000000010b,1.073169659951915,53.0,"{""type"":""Polygon"",""coordinates"":[[[-43.17246943299417,-22.830407198586354],[-43.17240912445951,-22.83492042260845],[-43.16754000687373,-22.83486443596189],[-43.16760046906428,-22.83035121083763],[-43.17246943299417,-22.830407198586354]]]}"
0000000000000000010c,0.0,201.0,"{""type"":""Polygon"",""coordinates"":[[[-43.31853429629667,-22.83653054429296],[-43.31847873194577,-22.84104861990979],[-43.313608947386314,-22.84099712374032],[-43.3136646645479,-22.83647904476111],[-43.31853429629667,-22.83653054429296]]]}"
0000000000000000010d,0.0,203.0,"{""type"":""Polygon"",""coordinates"":[[[-43.3136646645479,-22.83647904476111],[-43.313608947386314,-22.84099712374032],[-43.308734413630354,-22.84094539911631],[-43.30879028363575,-22.836427389339967],[-43.3136646645479,-22.83647904476111]]]}"
0000000000000000010e,0.0,207.0,"{""type"":""Polygon"",""coordinates"":[[[-43.30879028363575,-22.836427389339967],[-43.308734413630354,-22.84094539911631],[-43.3038646386099,-22.84089365823514],[-43.30392066148162,-22.836375572488645],[-43.30879028363575,-22.836427389339967]]]}"
0000000000000000010f,0.0,212.0,"{""type"":""Polygon"",""coordinates"":[[[-43.30392066148162,-22.836375572488645],[-43.3038646386099,-22.84089365823514],[-43.298994979427576,-22.840841648737367],[-43.2990511551933,-22.83632363257699],[-43.30392066148162,-22.836375572488645]]]}"
00000000000000000110,2.022213999460643,217.0,"{""type"":""Polygon"",""coordinates"":[[[-43.2990511551933,-22.83632363257699],[-43.298994979427576,-22.840841648737367],[-43.29412042273445,-22.840789532648728],[-43.29417675142751,-22.836271513151072],[-43.2990511551933,-22.83632363257699]]]}"
00000000000000000111,40.172489329651015,222.0,"{""type"":""Polygon"",""coordinates"":[[[-43.29417675142751,-22.836271513151072],[-43.29412042273445,-22.840789532648728],[-43.289250700404075,-22.840737230639938],[-43.28930725578263,-22.836219256023472],[-43.29417675142751,-22.836271513151072]]]}"
00000000000000000112,44.59677723095462,231.0,"{""type"":""Polygon"",""coordinates"":[[[-43.28930725578263,-22.836219256023472],[-43.289250700404075,-22.840737230639938],[-43.284381020718264,-22.840684830410257],[-43.28443772908143,-22.836166852837625],[-43.28930725578263,-22.836219256023472]]]}"
00000000000000000113,27.54171374764595,241.0,"{""type"":""Polygon"",""coordinates"":[[[-43.28443772908143,-22.836166852837625],[-43.284381020718264,-22.840684830410257],[-43.279511383857745,-22.840632331988548],[-43.279568245233264,-22.83611427876459],[-43.28443772908143,-22.836166852837625]]]}"
00000000000000000114,15.050235183443082,253.0,"{""type"":""Polygon"",""coordinates"":[[[-43.279568245233264,-22.83611427876459],[-43.279511383857745,-22.840632331988548],[-43.27463692201654,-22.840579555828334],[-43.27469393643769,-22.836061572301087],[-43.279568245233264,-22.83611427876459]]]}"
00000000000000000115,13.512982896595002,265.0,"{""type"":""Polygon"",""coordinates"":[[[-43.27469393643769,-22.836061572301087],[-43.27463692201654,-22.840579555828334],[-43.26976729711145,-22.840526667415865],[-43.26982446460051,-22.836008753901105],[-43.27469393643769,-22.836061572301087]]]}"
00000000000000000116,9.969893472106262,278.0,"{""type"":""Polygon"",""coordinates"":[[[-43.26982446460051,-22.836008753901105],[-43.26976729711145,-22.840526667415865],[-43.264897641788,-22.840473705708987],[-43.26495496237276,-22.835955789503778],[-43.26982446460051,-22.836008753901105]]]}"
00000000000000000117,9.023117109546005,290.0,"{""type"":""Polygon"",""coordinates"":[[[-43.26495496237276,-22.835955789503778],[-43.264897641788,-22.840473705708987],[-43.26002323435745,-22.840420513593962],[-43.260080708071115,-22.83590259452544],[-43.26495496237276,-22.835955789503778]]]}"
00000000000000000118,6.074413933783141,302.0,"{""type"":""Polygon"",""coordinates"":[[[-43.260080708071115,-22.83590259452544],[-43.26002323435745,-22.840420513593962],[-43.25515366578887,-22.84036720991933],[-43.25521129265366,-22.835849288295258],[-43.260080708071115,-22.83590259452544]]]}"
00000000000000000119,1.8423656143478608,313.0,"{""type"":""Polygon"",""coordinates"":[[[-43.25521129265366,-22.835849288295258],[-43.25515366578887,-22.84036720991933],[-43.25028406730857,-22.84031376022557],[-43.25034184735228,-22.83579583610957],[-43.25521129265366,-22.835849288295258]]]}"
0000000000000000011a,2.3619209039548004,377.0,"{""type"":""Polygon"",""coordinates"":[[[-43.24547244612653,-22.835742285942725],[-43.25034184735228,-22.83579583610957],[-43.25028406730857,-22.84031376022557],[-43.24541451287624,-22.840260212483496],[-43.24547244612653,-22.835742285942725]]]}"
0000000000000000011b,0.0,206.0,"{""type"":""Polygon"",""coordinates"":[[[-43.308734413630354,-22.84094539911631],[-43.308678543562586,-22.845458993317738],[-43.3038086893899,-22.845407157827896],[-43.3038646386099,-22.84089365823514],[-43.308734413630354,-22.84094539911631]]]}"
0000000000000000011c,0.0,211.0,"{""type"":""Polygon"",""coordinates"":[[[-43.3038646386099,-22.84089365823514],[-43.3038086893899,-22.845407157827896],[-43.29893880359881,-22.845355176103435],[-43.298994979427576,-22.840841648737367],[-43.3038646386099,-22.84089365823514]]]}"
0000000000000000011d,0.0,216.0,"{""type"":""Polygon"",""coordinates"":[[[-43.298994979427576,-22.840841648737367],[-43.29893880359881,-22.845355176103435],[-43.29406409397804,-22.84530306311167],[-43.29412042273445,-22.840789532648728],[-43.298994979427576,-22.840841648737367]]]}"
0000000000000000011e,14.66972344618938,221.0,"{""type"":""Polygon"",""coordinates"":[[[-43.29412042273445,-22.840789532648728],[-43.29406409397804,-22.84530306311167],[-43.28919429243357,-22.845250739040214],[-43.289250700404075,-22.840737230639938],[-43.29412042273445,-22.840789532648728]]]}"
0000000000000000011f,48.74881831934564,230.0,"{""type"":""Polygon"",""coordinates"":[[[-43.289250700404075,-22.840737230639938],[-43.28919429243357,-22.845250739040214],[-43.284324459777146,-22.845198341534317],[-43.284381020718264,-22.840684830410257],[-43.289250700404075,-22.840737230639938]]]}"
00000000000000000120,52.87333333333336,240.0,"{""type"":""Polygon"",""coordinates"":[[[-43.284381020718264,-22.840684830410257],[-43.284324459777146,-22.845198341534317],[-43.27945459616799,-22.845145797854357],[-43.279511383857745,-22.840632331988548],[-43.284381020718264,-22.840684830410257]]]}"
00000000000000000121,43.65403574788333,252.0,"{""type"":""Polygon"",""coordinates"":[[[-43.279511383857745,-22.840632331988548],[-43.27945459616799,-22.845145797854357],[-43.27457998128801,-22.845093024521248],[-43.27463692201654,-22.840579555828334],[-43.279511383857745,-22.840632331988548]]]}"
00000000000000000122,31.532860505256554,264.0,"{""type"":""Polygon"",""coordinates"":[[[-43.27463692201654,-22.840579555828334],[-43.27457998128801,-22.845093024521248],[-43.269710203321836,-22.84504013862837],[-43.26976729711145,-22.840526667415865],[-43.27463692201654,-22.840579555828334]]]}"
00000000000000000123,15.301674189113688,277.0,"{""type"":""Polygon"",""coordinates"":[[[-43.26976729711145,-22.840526667415865],[-43.269710203321836,-22.84504013862837],[-43.264840394909506,-22.844987179377785],[-43.264897641788,-22.840473705708987],[-43.26976729711145,-22.840526667415865]]]}"
00000000000000000124,11.073164460109505,289.0,"{""type"":""Polygon"",""coordinates"":[[[-43.264897641788,-22.840473705708987],[-43.264840394909506,-22.844987179377785],[-43.25996583435689,-22.844933917112943],[-43.26002323435745,-22.840420513593962],[-43.264897641788,-22.840473705708987]]]}"
00000000000000000125,9.011429468068402,301.0,"{""type"":""Polygon"",""coordinates"":[[[-43.26002323435745,-22.840420513593962],[-43.25996583435689,-22.844933917112943],[-43.255096038857886,-22.8448806405944],[-43.25515366578887,-22.84036720991933],[-43.26002323435745,-22.840420513593962]]]}"
00000000000000000126,7.806408075380261,371.0,"{""type"":""Polygon"",""coordinates"":[[[-43.25515366578887,-22.84036720991933],[-43.255096038857886,-22.8448806405944],[-43.25022636099163,-22.844827168315927],[-43.25028406730857,-22.84031376022557],[-43.25515366578887,-22.84036720991933]]]}"
00000000000000000127,7.385160075329561,376.0,"{""type"":""Polygon"",""coordinates"":[[[-43.25028406730857,-22.84031376022557],[-43.25022636099163,-22.844827168315927],[-43.24535657955909,-22.844773574804815],[-43.24541451287624,-22.840260212483496],[-43.25028406730857,-22.84031376022557]]]}"
00000000000000000128,2.3445430318231697,386.0,"{""type"":""Polygon"",""coordinates"":[[[-43.24541451287624,-22.840260212483496],[-43.24535657955909,-22.844773574804815],[-43.24048204481876,-22.844719823063283],[-43.24054013137616,-22.840206385590356],[-43.24541451287624,-22.840260212483496]]]}"
00000000000000000129,0.0,205.0,"{""type"":""Polygon"",""coordinates"":[[[-43.308678543562586,-22.845458993317738],[-43.30862274713975,-22.849972584035115],[-43.30375266639284,-22.84992070365856],[-43.3038086893899,-22.845407157827896],[-43.308678543562586,-22.845458993317738]]]}"
0000000000000000012a,0.0,210.0,"{""type"":""Polygon"",""coordinates"":[[[-43.3038086893899,-22.845407157827896],[-43.30375266639284,-22.84992070365856],[-43.298882627707,-22.84986872486029],[-43.29893880359881,-22.845355176103435],[-43.3038086893899,-22.845407157827896]]]}"
0000000000000000012b,0.0,215.0,"{""type"":""Polygon"",""coordinates"":[[[-43.29893880359881,-22.845355176103435],[-43.298882627707,-22.84986872486029],[-43.294007765158234,-22.849816614971658],[-43.29406409397804,-22.84530306311167],[-43.29893880359881,-22.845355176103435]]]}"
0000000000000000012c,0.0,220.0,"{""type"":""Polygon"",""coordinates"":[[[-43.29406409397804,-22.84530306311167],[-43.294007765158234,-22.849816614971658],[-43.28913781066349,-22.84976429369168],[-43.28919429243357,-22.845250739040214],[-43.29406409397804,-22.84530306311167]]]}"
0000000000000000012d,41.98762906009727,229.0,"{""type"":""Polygon"",""coordinates"":[[[-43.28919429243357,-22.845250739040214],[-43.28913781066349,-22.84976429369168],[-43.28426775128576,-22.84971185100835],[-43.284324459777146,-22.845198341534317],[-43.28919429243357,-22.845250739040214]]]}"
0000000000000000012e,47.57948524795983,239.0,"{""type"":""Polygon"",""coordinates"":[[[-43.284324459777146,-22.845198341534317],[-43.28426775128576,-22.84971185100835],[-43.279397808413876,-22.849659285135473],[-43.27945459616799,-22.845145797854357],[-43.284324459777146,-22.845198341534317]]]}"
0000000000000000012f,51.74587645029789,251.0,"{""type"":""Polygon"",""coordinates"":[[[-43.27945459616799,-22.845145797854357],[-43.279397808413876,-22.849659285135473],[-43.27452304049477,-22.84960651463576],[-43.27457998128801,-22.845093024521248],[-43.27945459616799,-22.845145797854357]]]}"
00000000000000000130,34.9434300957163,263.0,"{""type"":""Polygon"",""coordinates"":[[[-43.27457998128801,-22.845093024521248],[-43.27452304049477,-22.84960651463576],[-43.26965303570249,-22.849553656116733],[-43.269710203321836,-22.84504013862837],[-43.27457998128801,-22.845093024521248]]]}"
00000000000000000131,17.89252421516499,276.0,"{""type"":""Polygon"",""coordinates"":[[[-43.269710203321836,-22.84504013862837],[-43.26965303570249,-22.849553656116733],[-43.26478314796566,-22.84950060170567],[-43.264840394909506,-22.844987179377785],[-43.269710203321836,-22.84504013862837]]]}"
00000000000000000132,13.167570822018321,288.0,"{""type"":""Polygon"",""coordinates"":[[[-43.264840394909506,-22.844987179377785],[-43.26478314796566,-22.84950060170567],[-43.259908360511595,-22.849447439695105],[-43.25996583435689,-22.844933917112943],[-43.264840394909506,-22.844987179377785]]]}"
00000000000000000133,16.529163659187187,300.0,"{""type"":""Polygon"",""coordinates"":[[[-43.25996583435689,-22.844933917112943],[-43.259908360511595,-22.849447439695105],[-43.25503848564692,-22.849394067880834],[-43.255096038857886,-22.8448806405944],[-43.25996583435689,-22.844933917112943]]]}"
00000000000000000134,25.288363392111687,312.0,"{""type"":""Polygon"",""coordinates"":[[[-43.255096038857886,-22.8448806405944],[-43.25503848564692,-22.849394067880834],[-43.250168580814965,-22.849340622699263],[-43.25022636099163,-22.844827168315927],[-43.255096038857886,-22.8448806405944]]]}"
00000000000000000135,15.887934714375373,375.0,"{""type"":""Polygon"",""coordinates"":[[[-43.25022636099163,-22.844827168315927],[-43.250168580814965,-22.849340622699263],[-43.24529871997561,-22.84928700654418],[-43.24535657955909,-22.844773574804815],[-43.25022636099163,-22.844827168315927]]]}"
00000000000000000136,5.106123216805143,385.0,"{""type"":""Polygon"",""coordinates"":[[[-43.24535657955909,-22.844773574804815],[-43.24529871997561,-22.84928700654418],[-43.24042395819417,-22.84923320921389],[-43.24048204481876,-22.844719823063283],[-43.24535657955909,-22.844773574804815]]]}"
00000000000000000137,0.0,209.0,"{""type"":""Polygon"",""coordinates"":[[[-43.30375266639284,-22.84992070365856],[-43.303696643333055,-22.85443427078449],[-43.298826451752134,-22.854382294918686],[-43.298882627707,-22.84986872486029],[-43.30375266639284,-22.84992070365856]]]}"
00000000000000000138,0.0,214.0,"{""type"":""Polygon"",""coordinates"":[[[-43.298882627707,-22.84986872486029],[-43.298826451752134,-22.854382294918686],[-43.293951436275066,-22.85433011538795],[-43.294007765158234,-22.849816614971658],[-43.298882627707,-22.84986872486029]]]}"
00000000000000000139,0.0,219.0,"{""type"":""Polygon"",""coordinates"":[[[-43.294007765158234,-22.849816614971658],[-43.293951436275066,-22.85433011538795],[-43.28908125509361,-22.854277821760956],[-43.28913781066349,-22.84976429369168],[-43.294007765158234,-22.849816614971658]]]}"
0000000000000000013a,1.8221838611468564,228.0,"{""type"":""Polygon"",""coordinates"":[[[-43.28913781066349,-22.84976429369168],[-43.28908125509361,-22.854277821760956],[-43.284211116473465,-22.85422535695241],[-43.28426775128576,-22.84971185100835],[-43.28913781066349,-22.84976429369168]]]}"
0000000000000000013b,75.56578154425613,238.0,"{""type"":""Polygon"",""coordinates"":[[[-43.28426775128576,-22.84971185100835],[-43.284211116473465,-22.85422535695241],[-43.279341020595396,-22.854172793742677],[-43.279397808413876,-22.849659285135473],[-43.28426775128576,-22.84971185100835]]]}"
0000000000000000013c,40.64812793979306,250.0,"{""type"":""Polygon"",""coordinates"":[[[-43.279397808413876,-22.849659285135473],[-43.279341020595396,-22.854172793742677],[-43.27446602587923,-22.854119978168846],[-43.27452304049477,-22.84960651463576],[-43.279397808413876,-22.849659285135473]]]}"
0000000000000000013d,28.51592656519694,262.0,"{""type"":""Polygon"",""coordinates"":[[[-43.27452304049477,-22.84960651463576],[-43.27446602587923,-22.854119978168846],[-43.269595941782754,-22.854067097328162],[-43.26965303570249,-22.849553656116733],[-43.27452304049477,-22.84960651463576]]]}"
0000000000000000013e,20.930502633379568,275.0,"{""type"":""Polygon"",""coordinates"":[[[-43.26965303570249,-22.849553656116733],[-43.269595941782754,-22.854067097328162],[-43.264725827184506,-22.854014070227816],[-43.26478314796566,-22.84950060170567],[-43.26965303570249,-22.849553656116733]]]}"
0000000000000000013f,13.868045581972915,287.0,"{""type"":""Polygon"",""coordinates"":[[[-43.26478314796566,-22.84950060170567],[-43.264725827184506,-22.854014070227816],[-43.25985088660044,-22.853960838077374],[-43.259908360511595,-22.849447439695105],[-43.26478314796566,-22.84950060170567]]]}"
00000000000000000140,10.926960615094929,299.0,"{""type"":""Polygon"",""coordinates"":[[[-43.259908360511595,-22.849447439695105],[-43.25985088660044,-22.853960838077374],[-43.254980858583636,-22.853907541370372],[-43.25503848564692,-22.849394067880834],[-43.259908360511595,-22.849447439695105]]]}"
00000000000000000141,16.84505866326844,311.0,"{""type"":""Polygon"",""coordinates"":[[[-43.25503848564692,-22.849394067880834],[-43.254980858583636,-22.853907541370372],[-43.250110800571775,-22.853854025666116],[-43.250168580814965,-22.849340622699263],[-43.25503848564692,-22.849394067880834]]]}"
00000000000000000142,8.77190207156309,374.0,"{""type"":""Polygon"",""coordinates"":[[[-43.250168580814965,-22.849340622699263],[-43.250110800571775,-22.853854025666116],[-43.24524078652482,-22.853800411704253],[-43.24529871997561,-22.84928700654418],[-43.250168580814965,-22.849340622699263]]]}"
00000000000000000143,8.72484715472644,384.0,"{""type"":""Polygon"",""coordinates"":[[[-43.24529871997561,-22.84928700654418],[-43.24524078652482,-22.853800411704253],[-43.240365871502384,-22.853746616747305],[-43.24042395819417,-22.84923320921389],[-43.24529871997561,-22.84928700654418]]]}"
00000000000000000144,3.755908625809001,393.0,"{""type"":""Polygon"",""coordinates"":[[[-43.24042395819417,-22.84923320921389],[-43.240365871502384,-22.853746616747305],[-43.23549587163327,-22.85369268537726],[-43.2355541115881,-22.849179275781704],[-43.24042395819417,-22.84923320921389]]]}"
00000000000000000145,0.0,227.0,"{""type"":""Polygon"",""coordinates"":[[[-43.28908125509361,-22.854277821760956],[-43.28902469945986,-22.85879580916632],[-43.28415440785377,-22.858743347334816],[-43.284211116473465,-22.85422535695241],[-43.28908125509361,-22.854277821760956]]]}"
00000000000000000146,17.54811048336472,237.0,"{""type"":""Polygon"",""coordinates"":[[[-43.284211116473465,-22.85422535695241],[-43.28415440785377,-22.858743347334816],[-43.27928408521149,-22.85869073913057],[-43.279341020595396,-22.854172793742677],[-43.284211116473465,-22.85422535695241]]]}"
00000000000000000147,115.00787707745377,249.0,"{""type"":""Polygon"",""coordinates"":[[[-43.279341020595396,-22.854172793742677],[-43.27928408521149,-22.85869073913057],[-43.27440901119882,-22.858637974551378],[-43.27446602587923,-22.854119978168846],[-43.279341020595396,-22.854172793742677]]]}"
00000000000000000148,86.8644531617762,261.0,"{""type"":""Polygon"",""coordinates"":[[[-43.27446602587923,-22.854119978168846],[-43.27440901119882,-22.858637974551378],[-43.26953870026823,-22.85858504857348],[-43.269595941782754,-22.854067097328162],[-43.27446602587923,-22.854119978168846]]]}"
00000000000000000149,39.713611339539604,274.0,"{""type"":""Polygon"",""coordinates"":[[[-43.269595941782754,-22.854067097328162],[-43.26953870026823,-22.85858504857348],[-43.264668432565784,-22.858532024182605],[-43.264725827184506,-22.854014070227816],[-43.269595941782754,-22.854067097328162]]]}"
0000000000000000014a,26.885662500235185,286.0,"{""type"":""Polygon"",""coordinates"":[[[-43.264725827184506,-22.854014070227816],[-43.264668432565784,-22.858532024182605],[-43.259793412623445,-22.85847877006642],[-43.25985088660044,-22.853960838077374],[-43.264725827184506,-22.854014070227816]]]}"
0000000000000000014b,9.543894555154566,298.0,"{""type"":""Polygon"",""coordinates"":[[[-43.25985088660044,-22.853960838077374],[-43.259793412623445,-22.85847877006642],[-43.25492315766779,-22.85842542800255],[-43.254980858583636,-22.853907541370372],[-43.25985088660044,-22.853960838077374]]]}"
0000000000000000014c,7.866351954500655,310.0,"{""type"":""Polygon"",""coordinates"":[[[-43.254980858583636,-22.853907541370372],[-43.25492315766779,-22.85842542800255],[-43.250052946468514,-22.85837191480528],[-43.250110800571775,-22.853854025666116],[-43.254980858583636,-22.853907541370372]]]}"
0000000000000000014d,7.068361581920899,319.0,"{""type"":""Polygon"",""coordinates"":[[[-43.250110800571775,-22.853854025666116],[-43.250052946468514,-22.85837191480528],[-43.245182779206466,-22.858318303283273],[-43.24524078652482,-22.853800411704253],[-43.250110800571775,-22.853854025666116]]]}"
0000000000000000014e,8.663326540210079,383.0,"{""type"":""Polygon"",""coordinates"":[[[-43.24524078652482,-22.853800411704253],[-43.245182779206466,-22.858318303283273],[-43.24030771093554,-22.85826443815095],[-43.240365871502384,-22.853746616747305],[-43.24524078652482,-22.853800411704253]]]}"
0000000000000000014f,3.829856686398699,392.0,"{""type"":""Polygon"",""coordinates"":[[[-43.240365871502384,-22.853746616747305],[-43.24030771093554,-22.85826443815095],[-43.23543755779587,-22.858210509085673],[-43.23549587163327,-22.85369268537726],[-43.240365871502384,-22.853746616747305]]]}"
00000000000000000150,0.0,226.0,"{""type"":""Polygon"",""coordinates"":[[[-43.28902469945986,-22.85879580916632],[-43.28896821749852,-22.863309282005158],[-43.284097699169884,-22.86325684777743],[-43.28415440785377,-22.858743347334816],[-43.28902469945986,-22.85879580916632]]]}"
00000000000000000151,0.0,236.0,"{""type"":""Polygon"",""coordinates"":[[[-43.28415440785377,-22.858743347334816],[-43.284097699169884,-22.86325684777743],[-43.279227297264136,-22.863204217383462],[-43.27928408521149,-22.85869073913057],[-43.28415440785377,-22.858743347334816]]]}"
00000000000000000152,55.28180620884288,248.0,"{""type"":""Polygon"",""coordinates"":[[[-43.27928408521149,-22.85869073913057],[-43.279227297264136,-22.863204217383462],[-43.27435199645356,-22.863151407745747],[-43.27440901119882,-22.858637974551378],[-43.27928408521149,-22.85869073913057]]]}"
00000000000000000153,69.63093676447512,260.0,"{""type"":""Polygon"",""coordinates"":[[[-43.27440901119882,-22.858637974551378],[-43.27435199645356,-22.863151407745747],[-43.26948153245331,-22.863098557078292],[-43.26953870026823,-22.85858504857348],[-43.27440901119882,-22.858637974551378]]]}"
00000000000000000154,43.318874332238956,273.0,"{""type"":""Polygon"",""coordinates"":[[[-43.26953870026823,-22.85858504857348],[-43.26948153245331,-22.863098557078292],[-43.2646111116535,-22.863045462386758],[-43.264668432565784,-22.858532024182605],[-43.26953870026823,-22.85858504857348]]]}"
00000000000000000155,29.40515149044521,285.0,"{""type"":""Polygon"",""coordinates"":[[[-43.264668432565784,-22.858532024182605],[-43.2646111116535,-22.863045462386758],[-43.25973586480128,-22.862992235770207],[-43.259793412623445,-22.85847877006642],[-43.264668432565784,-22.858532024182605]]]}"
00000000000000000156,12.574429624980395,297.0,"{""type"":""Polygon"",""coordinates"":[[[-43.259793412623445,-22.85847877006642],[-43.25973586480128,-22.862992235770207],[-43.254865530472046,-22.86293887119102],[-43.25492315766779,-22.85842542800255],[-43.259793412623445,-22.85847877006642]]]}"
00000000000000000157,9.378633889729379,309.0,"{""type"":""Polygon"",""coordinates"":[[[-43.25492315766779,-22.85842542800255],[-43.254865530472046,-22.86293887119102],[-43.24999516609219,-22.862885360266684],[-43.250052946468514,-22.85837191480528],[-43.25492315766779,-22.85842542800255]]]}"
00000000000000000158,8.361732580037664,373.0,"{""type"":""Polygon"",""coordinates"":[[[-43.250052946468514,-22.85837191480528],[-43.24999516609219,-22.862885360266684],[-43.24512477182109,-22.862831703008677],[-43.245182779206466,-22.858318303283273],[-43.250052946468514,-22.85837191480528]]]}"
00000000000000000159,14.885543188587546,382.0,"{""type"":""Polygon"",""coordinates"":[[[-43.245182779206466,-22.858318303283273],[-43.24512477182109,-22.862831703008677],[-43.240249624109275,-22.86277781540797],[-43.24030771093554,-22.85826443815095],[-43.245182779206466,-22.858318303283273]]]}"
0000000000000000015a,4.64971971299615,391.0,"{""type"":""Polygon"",""coordinates"":[[[-43.24030771093554,-22.85826443815095],[-43.240249624109275,-22.86277781540797],[-43.23537924389077,-22.86272391325977],[-43.23543755779587,-22.858210509085673],[-43.24030771093554,-22.85826443815095]]]}"
0000000000000000015b,3.7126912284446223,161.0,"{""type"":""Polygon"",""coordinates"":[[[-43.22076349728576,-22.862561144909574],[-43.21589322153106,-22.862506582961057],[-43.21595222264606,-22.857993218903452],[-43.22082227117542,-22.858047807489744],[-43.22076349728576,-22.862561144909574]]]}"
0000000000000000015c,7.681820464532327,171.0,"{""type"":""Polygon"",""coordinates"":[[[-43.21589322153106,-22.862506582961057],[-43.21102299090931,-22.862451849945742],[-43.21108207158998,-22.857938581807247],[-43.21595222264606,-22.857993218903452],[-43.21589322153106,-22.862506582961057]]]}"
0000000000000000015d,3.979952970685058,179.0,"{""type"":""Polygon"",""coordinates"":[[[-43.21102299090931,-22.862451849945742],[-43.20614793097018,-22.8623969828771],[-43.20620716509353,-22.857883640007568],[-43.21108207158998,-22.857938581807247],[-43.21102299090931,-22.862451849945742]]]}"
0000000000000000015e,0.0,225.0,"{""type"":""Polygon"",""coordinates"":[[[-43.28896821749852,-22.863309282005158],[-43.28891166173712,-22.867822800759786],[-43.284041064165336,-22.867770344410324],[-43.284097699169884,-22.86325684777743],[-43.28896821749852,-22.863309282005158]]]}"
0000000000000000015f,0.0,235.0,"{""type"":""Polygon"",""coordinates"":[[[-43.284097699169884,-22.86325684777743],[-43.284041064165336,-22.867770344410324],[-43.279170435501705,-22.867717741561002],[-43.279227297264136,-22.863204217383462],[-43.284097699169884,-22.86325684777743]]]}"
00000000000000000160,31.01510191282534,247.0,"{""type"":""Polygon"",""coordinates"":[[[-43.279227297264136,-22.863204217383462],[-43.279170435501705,-22.867717741561002],[-43.27429498164344,-22.86766493477947],[-43.27435199645356,-22.863151407745747],[-43.279227297264136,-22.863204217383462]]]}"
00000000000000000161,33.50562686332966,259.0,"{""type"":""Polygon"",""coordinates"":[[[-43.27435199645356,-22.863151407745747],[-43.27429498164344,-22.86766493477947],[-43.26942436457322,-22.867612013888717],[-43.26948153245331,-22.863098557078292],[-43.27435199645356,-22.863151407745747]]]}"
00000000000000000162,20.99348403337078,272.0,"{""type"":""Polygon"",""coordinates"":[[[-43.26948153245331,-22.863098557078292],[-43.26942436457322,-22.867612013888717],[-43.2645537906757,-22.86755892167453],[-43.2646111116535,-22.863045462386758],[-43.26948153245331,-22.863098557078292]]]}"
00000000000000000163,69.7528802312965,284.0,"{""type"":""Polygon"",""coordinates"":[[[-43.2646111116535,-22.863045462386758],[-43.2645537906757,-22.86755892167453],[-43.25967839069248,-22.867505697712048],[-43.25973586480128,-22.862992235770207],[-43.2646111116535,-22.863045462386758]]]}"
00000000000000000164,27.240357759297023,296.0,"{""type"":""Polygon"",""coordinates"":[[[-43.25973586480128,-22.862992235770207],[-43.25967839069248,-22.867505697712048],[-43.25480782942356,-22.867452287549064],[-43.254865530472046,-22.86293887119102],[-43.25973586480128,-22.862992235770207]]]}"
00000000000000000165,12.228965655779383,308.0,"{""type"":""Polygon"",""coordinates"":[[[-43.254865530472046,-22.86293887119102],[-43.25480782942356,-22.867452287549064],[-43.24993731185564,-22.867398778898117],[-43.24999516609219,-22.862885360266684],[-43.254865530472046,-22.86293887119102]]]}"
00000000000000000166,9.605122410546137,372.0,"{""type"":""Polygon"",""coordinates"":[[[-43.24999516609219,-22.862885360266684],[-43.24993731185564,-22.867398778898117],[-43.24506676436867,-22.86734512384989],[-43.24512477182109,-22.862831703008677],[-43.24999516609219,-22.862885360266684]]]}"
00000000000000000167,14.819181689920063,381.0,"{""type"":""Polygon"",""coordinates"":[[[-43.24512477182109,-22.862831703008677],[-43.24506676436867,-22.86734512384989],[-43.24019146340777,-22.867291238631463],[-43.240249624109275,-22.86277781540797],[-43.24512477182109,-22.862831703008677]]]}"
00000000000000000168,7.790842493141905,390.0,"{""type"":""Polygon"",""coordinates"":[[[-43.240249624109275,-22.86277781540797],[-43.24019146340777,-22.867291238631463],[-43.23532092991797,-22.867237265762178],[-43.23537924389077,-22.86272391325977],[-43.240249624109275,-22.86277781540797]]]}"
00000000000000000169,5.048273394391745,396.0,"{""type"":""Polygon"",""coordinates"":[[[-43.23537924389077,-22.86272391325977],[-43.23532092991797,-22.867237265762178],[-43.230450514646435,-22.86718316964145],[-43.23050898191813,-22.862669815135227],[-43.23537924389077,-22.86272391325977]]]}"
0000000000000000016a,14.13712135465663,246.0,"{""type"":""Polygon"",""coordinates"":[[[-43.279170435501705,-22.867717741561002],[-43.279113499923966,-22.872235677463312],[-43.2742378930105,-22.872182873781007],[-43.27429498164344,-22.86766493477947],[-43.279170435501705,-22.867717741561002]]]}"
0000000000000000016b,11.58843949504397,271.0,"{""type"":""Polygon"",""coordinates"":[[[-43.26942436457322,-22.867612013888717],[-43.26936712286279,-22.872129955681746],[-43.26449639586008,-22.872076866191637],[-43.2645537906757,-22.86755892167453],[-43.26942436457322,-22.867612013888717]]]}"
0000000000000000016c,11.079423514728841,283.0,"{""type"":""Polygon"",""coordinates"":[[[-43.2645537906757,-22.86755892167453],[-43.26449639586008,-22.872076866191637],[-43.25962084273836,-22.872023572349622],[-43.25967839069248,-22.867505697712048],[-43.2645537906757,-22.86755892167453]]]}"
0000000000000000016d,9.243445786913542,295.0,"{""type"":""Polygon"",""coordinates"":[[[-43.25967839069248,-22.867505697712048],[-43.25962084273836,-22.872023572349622],[-43.25475012830873,-22.87197016477569],[-43.25480782942356,-22.867452287549064],[-43.25967839069248,-22.867505697712048]]]}"
0000000000000000016e,15.873345093189533,307.0,"{""type"":""Polygon"",""coordinates"":[[[-43.25480782942356,-22.867452287549064],[-43.25475012830873,-22.87197016477569],[-43.24987938375858,-22.871916683506168],[-43.24993731185564,-22.867398778898117],[-43.25480782942356,-22.867452287549064]]]}"
0000000000000000016f,13.052372881355927,318.0,"{""type"":""Polygon"",""coordinates"":[[[-43.24993731185564,-22.867398778898117],[-43.24987938375858,-22.871916683506168],[-43.24500875684924,-22.87186300605671],[-43.24506676436867,-22.86734512384989],[-43.24993731185564,-22.867398778898117]]]}"
00000000000000000170,7.741677378899514,380.0,"{""type"":""Polygon"",""coordinates"":[[[-43.24506676436867,-22.86734512384989],[-43.24500875684924,-22.87186300605671],[-43.24013322883078,-22.871809148325053],[-43.24019146340777,-22.867291238631463],[-43.24506676436867,-22.86734512384989]]]}"
00000000000000000171,7.248228196935357,389.0,"{""type"":""Polygon"",""coordinates"":[[[-43.24019146340777,-22.867291238631463],[-43.24013322883078,-22.871809148325053],[-43.23526261587745,-22.87175515292715],[-43.23532092991797,-22.867237265762178],[-43.24019146340777,-22.867291238631463]]]}"
00000000000000000172,5.762876567002089,395.0,"{""type"":""Polygon"",""coordinates"":[[[-43.23532092991797,-22.867237265762178],[-43.23526261587745,-22.87175515292715],[-43.23039197348426,-22.871701011110307],[-43.230450514646435,-22.86718316964145],[-43.23532092991797,-22.867237265762178]]]}"
00000000000000000173,3.431107539909228,140.0,"{""type"":""Polygon"",""coordinates"":[[[-43.230450514646435,-22.86718316964145],[-43.23039197348426,-22.871701011110307],[-43.225521301810616,-22.87164679569439],[-43.225579996307005,-22.86712895203503],[-43.230450514646435,-22.86718316964145]]]}"
00000000000000000174,3.106359738604759,160.0,"{""type"":""Polygon"",""coordinates"":[[[-43.220645875463504,-22.87159227668625],[-43.21577529293725,-22.871537718598354],[-43.21583429419064,-22.86701987052067],[-43.22070472332737,-22.867074430664097],[-43.220645875463504,-22.87159227668625]]]}"
00000000000000000175,2.903107344632764,170.0,"{""type"":""Polygon"",""coordinates"":[[[-43.21577529293725,-22.871537718598354],[-43.21090468163763,-22.871483014153274],[-43.210963910159236,-22.86696521206293],[-43.21583429419064,-22.86701987052067],[-43.21577529293725,-22.871537718598354]]]}"
00000000000000000176,16.740363660747203,294.0,"{""type"":""Polygon"",""coordinates"":[[[-43.25962084273836,-22.872023572349622],[-43.25956329471821,-22.876537028311052],[-43.25469242712752,-22.876483623090216],[-43.25475012830873,-22.87197016477569],[-43.25962084273836,-22.872023572349622]]]}"
00000000000000000177,13.760896176372718,306.0,"{""type"":""Polygon"",""coordinates"":[[[-43.25475012830873,-22.87197016477569],[-43.25469242712752,-22.876483623090216],[-43.24982160318243,-22.87643004645841],[-43.24987938375858,-22.871916683506168],[-43.25475012830873,-22.87197016477569]]]}"
00000000000000000178,27.53097300690519,317.0,"{""type"":""Polygon"",""coordinates"":[[[-43.24987938375858,-22.871916683506168],[-43.24982160318243,-22.87643004645841],[-43.24495074926276,-22.876376396086872],[-43.24500875684924,-22.87186300605671],[-43.24987938375858,-22.871916683506168]]]}"
00000000000000000179,8.284546167110836,379.0,"{""type"":""Polygon"",""coordinates"":[[[-43.24500875684924,-22.87186300605671],[-43.24495074926276,-22.876376396086872],[-43.240075067994454,-22.876322540749904],[-43.24013322883078,-22.871809148325053],[-43.24500875684924,-22.87186300605671]]]}"
0000000000000000017a,6.565213024400346,388.0,"{""type"":""Polygon"",""coordinates"":[[[-43.24013322883078,-22.871809148325053],[-43.240075067994454,-22.876322540749904],[-43.23520422795387,-22.876268499492582],[-43.23526261587745,-22.87175515292715],[-43.24013322883078,-22.871809148325053]]]}"
0000000000000000017b,15.417385954890412,394.0,"{""type"":""Polygon"",""coordinates"":[[[-43.23526261587745,-22.87175515292715],[-43.23520422795387,-22.876268499492582],[-43.230333432253865,-22.876214432494468],[-43.23039197348426,-22.871701011110307],[-43.23526261587745,-22.87175515292715]]]}"
0000000000000000017c,3.0801386072731156,159.0,"{""type"":""Polygon"",""coordinates"":[[[-43.220645875463504,-22.87159227668625],[-43.22058710136758,-22.87610560448724],[-43.215716291614626,-22.87605107306725],[-43.21577529293725,-22.871537718598354],[-43.220645875463504,-22.87159227668625]]]}"
0000000000000000017d,5.143604209333176,293.0,"{""type"":""Polygon"",""coordinates"":[[[-43.25956329471821,-22.876537028311052],[-43.25950574663204,-22.88105043232057],[-43.254634725879974,-22.880997029455163],[-43.25469242712752,-22.876483623090216],[-43.25956329471821,-22.876537028311052]]]}"
0000000000000000017e,10.835811900890773,305.0,"{""type"":""Polygon"",""coordinates"":[[[-43.25469242712752,-22.876483623090216],[-43.254634725879974,-22.880997029455163],[-43.24976367495182,-22.880943479978487],[-43.24982160318243,-22.87643004645841],[-43.25469242712752,-22.876483623090216]]]}"
0000000000000000017f,11.97302573760201,316.0,"{""type"":""Polygon"",""coordinates"":[[[-43.24982160318243,-22.87643004645841],[-43.24976367495182,-22.880943479978487],[-43.24489266780814,-22.880889831829784],[-43.24495074926276,-22.876376396086872],[-43.24982160318243,-22.87643004645841]]]}"
00000000000000000180,10.79153472331086,378.0,"{""type"":""Polygon"",""coordinates"":[[[-43.24495074926276,-22.876376396086872],[-43.24489266780814,-22.880889831829784],[-43.24001690709077,-22.880835881231587],[-43.240075067994454,-22.876322540749904],[-43.24495074926276,-22.876376396086872]]]}"
00000000000000000181,5.826554761112606,387.0,"{""type"":""Polygon"",""coordinates"":[[[-43.240075067994454,-22.876322540749904],[-43.24001690709077,-22.880835881231587],[-43.23514591377786,-22.880781914864627],[-43.23520422795387,-22.876268499492582],[-43.240075067994454,-22.876322540749904]]]}"
00000000000000000182,10.783931048769313,326.0,"{""type"":""Polygon"",""coordinates"":[[[-43.23520422795387,-22.876268499492582],[-43.23514591377786,-22.880781914864627],[-43.23027496477786,-22.88072777708809],[-43.230333432253865,-22.876214432494468],[-43.23520422795387,-22.876268499492582]]]}"
00000000000000000183,8.127627919823727,304.0,"{""type"":""Polygon"",""coordinates"":[[[-43.254634725879974,-22.880997029455163],[-43.25457702456606,-22.885510456565843],[-43.24970582044841,-22.88545690938729],[-43.24976367495182,-22.880943479978487],[-43.254634725879974,-22.880997029455163]]]}"
00000000000000000184,7.978650345260515,315.0,"{""type"":""Polygon"",""coordinates"":[[[-43.24976367495182,-22.880943479978487],[-43.24970582044841,-22.88545690938729],[-43.24483466008752,-22.885403190676286],[-43.24489266780814,-22.880889831829784],[-43.24976367495182,-22.880943479978487]]]}"
00000000000000000185,5.317748863458219,321.0,"{""type"":""Polygon"",""coordinates"":[[[-43.24489266780814,-22.880889831829784],[-43.24483466008752,-22.885403190676286],[-43.23995867231133,-22.885349267344477],[-43.24001690709077,-22.880835881231587],[-43.24489266780814,-22.880889831829784]]]}"
00000000000000000186,5.369131392772171,323.0,"{""type"":""Polygon"",""coordinates"":[[[-43.24001690709077,-22.880835881231587],[-43.23995867231133,-22.885349267344477],[-43.2350875257186,-22.88529530307164],[-43.23514591377786,-22.880781914864627],[-43.24001690709077,-22.880835881231587]]]}"
00000000000000000187,8.742769976334106,325.0,"{""type"":""Polygon"",""coordinates"":[[[-43.23514591377786,-22.880781914864627],[-43.2350875257186,-22.88529530307164],[-43.23021642341113,-22.88524109451658],[-43.23027496477786,-22.88072777708809],[-43.23514591377786,-22.880781914864627]]]}"
00000000000000000188,7.452445702790292,314.0,"{""type"":""Polygon"",""coordinates"":[[[-43.24970582044841,-22.88545690938729],[-43.249647892084155,-22.889974751711097],[-43.24477657849857,-22.88992103547348],[-43.24483466008752,-22.885403190676286],[-43.24970582044841,-22.88545690938729]]]}"
00000000000000000189,7.229598641930397,320.0,"{""type"":""Polygon"",""coordinates"":[[[-43.24483466008752,-22.885403190676286],[-43.24477657849857,-22.88992103547348],[-43.23990036365589,-22.889867139662492],[-43.23995867231133,-22.885349267344477],[-43.24483466008752,-22.885403190676286]]]}"
0000000000000000018a,4.279314966139685,322.0,"{""type"":""Polygon"",""coordinates"":[[[-43.23995867231133,-22.885349267344477],[-43.23990036365589,-22.889867139662492],[-43.23502913759147,-22.889813080059735],[-43.2350875257186,-22.88529530307164],[-43.23995867231133,-22.885349267344477]]]}"
0000000000000000018b,6.832619619584757,324.0,"{""type"":""Polygon"",""coordinates"":[[[-43.2350875257186,-22.88529530307164],[-43.23502913759147,-22.889813080059735],[-43.230157808153386,-22.88975897144826],[-43.23021642341113,-22.88524109451658],[-43.2350875257186,-22.88529530307164]]]}"
