"cell.id","temp_c_mean_idw","humidity_mean_idw","rain_24h_mean_idw","water_tank_density","proportion_no_waste_collection","number_households_no_mains_water_connection","proportion_households_no_sewage_collection","human_population","average_literacy","average_household_income","elevation","proportion_highways","proportion_water_bodies","proportion_flood_prone","proportion_residential","proportion_vegetation","proportion_favela","proportion_non_residential","built_volume_density","nres_built_volume_density","proportion_buildings_over6m","neighbouring_wmel_pctg_mean_avg","breeding_container_sum","wind_speed_mean_idw"
1,24.495806111349,75.4835013820478,3.50947745847589,5.54819297790527,0,0.273294704808518,0.0265639503057945,2536.43478778855,174.121381563354,4930.93936231195,6.42033327955378,0.0385729400286828,0.0498094042451111,0,0.675560125131369,0,0,0.211514609379787,273.302926692482,28.2097606469435,0.343039769673824,0.349745752940415,30,4.20514731853935
2,24.4920709805636,75.4059123304731,3.50805324241305,7.58054161071777,0,3.06314983284094,0.00333795915021514,2160.44267236093,147.165197523973,3564.47958163061,25.2692699901482,0.0450746304007336,0,0,0.895971798704999,0,0,0.152002616503518,529.297761747633,22.2050668168398,0.498032760667137,0.31445844799253,38,4.18059721726432
3,24.4908002391393,75.4622826451515,3.51481390142833,7.05330467224121,0,0.47911038501862,0.000892686759479827,2772.02582075493,189.613181204936,5785.6715609331,11.3279543254828,0.0596122932359377,0,0,0.914993614413431,0,0,0.154598097406524,402.275442738994,5.74365788939784,0.4467694886998,0.326122866917778,106,4.20623277945561
4,24.4896553206358,75.5138789097872,3.52181467853423,1.9957948923111,0,0,0,302.517692157477,20.6539921023968,5891.55,-0.601810970590437,0.0182574061583546,0,0,0.476409434982683,0,0,0.298244547434246,64.8751561972499,0,0.096637729182401,0.239825318002087,10,4.23105866594767
5,24.4943972692666,75.1158275723951,3.5322131782184,1.82138729095459,0,0,0,870.043294341995,58.4587890643939,8377.5334705475,13.1054763111807,NA,0,0,0.73214468706195,0.0729664577542983,0,0.0116075399688696,290.468063076769,0,0.233281458283753,0.406004136314156,21,4.07537440826655
6,24.4871079118342,75.3900567993912,3.53212017964521,18.4075717926025,0.00684748641342,5.92757094005511,0.00912866221988282,3070.54404562014,202.036220413927,2879.41720403435,48.214761002195,0.0190321138917568,0,0,0.934664616957826,0,0.0653353830421745,0.00143054584935564,706.105237223996,0,0.517384377487188,0.310388613790056,42,4.18355115045612
7,24.4858760873873,75.4453171933017,3.52113645670688,8.22145175933838,0,0.0774714835405688,0,2729.74750644103,182.275687811313,4843.60023252318,5.94477636877978,0.0640058850562313,0.0398069905260006,0,0.817136594641095,0.0211217574369692,0,0.144393649464919,371.46547171447,1.01943540279757,0.41622432043649,0.286469576303661,79,4.20859397689838
8,24.4847721614712,75.4960968561012,3.52722351544317,0.0548029020428658,0,0,0,67.7849816389003,4.47647718549324,5891.55,2.98320145023451,0.00912026049723116,0.417830545454505,0,0.0539744377996608,0,0,0.466860571283287,38.8279273671065,1.01941486678214,0.0707906395815117,0.431767279178693,1,4.23288829938825
9,24.491578635105,75.034654399102,3.56416766197006,0.777211606502533,0,0,0.0339864546724101,146.685691641801,9.88322648012166,2950.54,12.8647149442995,NA,0,0,0.200636210729878,0.68113240431059,0,0.0513367614883081,33.8430060621238,0,0.0585494990075718,0.263170494035879,0,4.05514038136959
10,24.4890217787048,75.1146832803179,3.55249529587663,5.48232698440552,0,0,0.00438019796722655,1998.65265187045,131.327259209673,5924.62955239604,20.75544416565,NA,0,0,0.839551139042956,0.059806417865629,0.0634977600976471,0.0434476576275214,379.138284624382,4.07655499169925,0.373018627020077,0.344451064808208,71,4.08313065022996
11,24.4868716946357,75.1886818683138,3.54594923633267,6.77245616912842,0,7.45763158449314,0.00487433130594402,1918.17568992494,129.478992807623,7252.56540512475,22.5691126623582,0.0463341941755458,0,0,0.82682560401235,0.00302401897544703,0,0.184582913054424,581.231759993668,99.5779304284028,0.530955807891667,0.406201587305258,48,4.11038504784559
12,24.4835115081511,75.3202150916782,3.54018400144239,34.2928237915039,0.00889245248057807,0,0.00077420707388907,4723.97148095912,306.509122900803,2931.73488302657,65.5327660553096,NA,0,0,0.597219818920173,0,0.394822120288311,0.0186886710335058,889.32354311335,0,0.545333214553572,0.260886659593985,39,4.16269715879486
13,24.4821808281313,75.3785215379154,3.54554563808621,27.1961688995361,0.00786920501200258,5.56469956173567,0.00697894440459235,4080.38915277584,261.49794773131,2810.44437894899,57.0471377758337,NA,0,0,0.767115520373303,0,0.208624809164366,0.0123773828896297,752.827513370326,0.51604015902998,0.527315875620896,0.240862902585059,13,4.18777476268031
14,24.4810155528864,75.432334477175,3.55272875721753,17.5332546234131,0.002671355042309,1.24021865216046,0.0974838210450211,3038.5958378163,193.388251255915,2896.32351607645,4.44355098657703,0.0200768107368475,0.0357850734435279,0,0.535838179526605,0,0.160828303124857,0.257295943995649,355.752307557131,4.74039588894651,0.418161517027354,0.382682979332562,35,4.21215282743391
15,24.4799740766019,75.4819861728618,3.56083794439495,11.2322959899902,0.0215950763227873,1.55499125992807,0.00638515454967376,1795.35006032577,114.127767588747,2748.25,3.53584226298322,NA,0.00356387101379455,0,0.627904750562223,0,0.245824228524109,0.205155022206511,154.375749553662,1.14412078842149,0.19318445113466,0.223798338023984,51,4.23584876797207
16,24.4790213742923,75.5277868617188,3.53894231009132,5.88471221923828,0.00156558127284074,1.62296221242233,0.000426946785455553,387.335311175562,26.090897768748,2711.46693334371,5.68614911730339,NA,0,0,0.162773868936669,0,0.0100385765283617,0.547968406481676,218.305957063306,75.9539391975141,0.226362332249622,0.285566630662784,1,4.25888129287143
17,24.4781283818167,75.5700255172118,3.54398628267933,0,0,0.863600735325857,0,155.664032542486,10.5957167141903,2703.98,5.52225317738073,NA,0,0,0.102218738354969,0,0,0.875088557845115,99.5662556890031,41.9746182844762,0.115704109782427,0.0441844275738506,0,4.28126984410002
18,24.4916661079771,74.8756833397936,3.6114803767549,0,0,0,0.0202702702702703,17.9488940854136,1.2215168175266,2950.54,5.91742363587141,NA,0,0,0,0.407187781240258,0,0.530132252526667,9.69615114884001,0,0,0,0,4.01041314504637
19,24.4885066862498,74.9623842007055,3.5963948179028,0.0108140027150512,0,0,0.0202702702702703,62.4611281974386,4.25080888949365,2950.54,43.2831190673671,NA,0,0,0,0.778813111977282,0,0.243955788424814,10.9137845396817,0,0,0.0317379345871993,0,4.03826536531852
20,24.4858121580692,75.0433433391038,3.58302980919763,0.0693140625953674,0,0,0.0224406447288197,81.4305113772084,5.53458519997833,2950.54,32.6685255845808,NA,0,0,0,0.973539495577996,0,0.0728549563243275,8.94224013821105,0,0.0178256237677355,0.259958419545585,0,4.06558619951023
21,24.4835223664741,75.1187871547392,3.5727731051295,27.4174575805664,0,1.63851924761865,0.0133662670274674,3057.83726740643,191.89550125559,2844.82151872097,8.65488917561403,0.0279095007720925,0.0467024696806239,0,0.113100924573544,0.505718802554529,0.211335429456217,0.0890303092619871,301.092486119533,2.63969151030491,0.309172052536289,0.340655863112222,19,4.09233185479082
22,24.4815781558382,75.1889818248936,3.56646490143926,37.7762451171875,0,13.0457711746158,0.0171779242921161,5535.57326668871,356.977013521419,2881.24998884132,34.7324277929469,0.0188314968380094,0.000967518379299816,0,0.678866591400722,0,0.198505918642186,0.192725577444262,654.563957451663,74.4720470061488,0.52355284607133,0.479757503472113,50,4.11847467747644
23,24.4799235445689,75.2542133004169,3.56427541012405,10.6337633132935,0,8.18249138815987,0.00403945349122053,2856.72059989489,187.452261860915,3296.75731906109,30.2224180939378,0.0445067477086297,0,0,0.840524794540582,0.0665983567130329,3.07274140028006e-05,0.131840192167052,715.948534273668,7.10430646883758,0.49539907500547,0.33257162982266,54,4.14399902777366
24,24.4785069976495,75.3147740848735,3.56579348890919,19.6846923828125,0.00211811818754873,0.282255756080572,0,3447.59912268835,226.581884987167,3031.73692313566,29.6131921777225,0.0295971009814818,0,0,0.841346312856717,0,0.0978517566227943,0.0394912371024567,808.212042357696,0.19954477757651,0.548293312753174,0.351801195244722,33,4.1688981853413
25,24.477282084856,75.3709546652608,3.55995901862712,52.3296089172363,3.73195963240605e-05,11.0206729504223,0.00206605394250428,8629.35116925259,539.197689466668,2787.4477551472,36.7342936160405,0.0365645105900658,0,0,0.28848702865761,0.0375730036953461,0.653530795561612,0.0113561089217512,718.156548755239,0,0.517291665739085,0.376482469376273,15,4.19317202639778
26,24.4762077235019,75.423038101841,3.56529867377417,10.2967557907104,0,2.52532464200009,0.00498669999999056,2697.3020530766,182.824947380105,2748.25,8.53988949512292,0.0287558474807503,0,0,0.875240377145041,0,0.0189500876490403,0.124419741131461,456.255172753427,0,0.488792593626449,0.403523758626659,67,4.21682527751645
27,24.4752481438294,75.4712967430963,3.57169168803171,9.31780815124512,0.000739297919514991,1.81759236671763,0.00222270249409051,2510.68068882549,167.88787301398,2741.9636470273,12.1295821989951,NA,0,0,0.96876620132872,0,0.00603957885522649,0.0657628797271065,459.657246813813,0,0.526250141416039,0.436286953873558,163,4.23986620067673
28,24.47437267322,75.5159903557599,3.57857273493376,15.2957649230957,0.021803417304274,3.78534886795448,0.0104327468706583,3863.91433410307,241.02655220569,2741.01355349754,16.9747290546731,NA,0,0,0.484917753129719,0.0705339731411477,0.29917852059678,0.153721807347573,478.759120192204,36.5955292539006,0.45454611514137,0.171150985293319,103,4.26230560137123
29,24.4735554065134,75.5573651863342,3.54955793675594,0.273696213960648,0,0.360731763903572,0.0356458762704447,103.4522794047,6.88687962759299,3165.30636781658,9.02785892493935,NA,0,0,0.0909496591965009,0.516685406913145,0,0.226781839190678,98.1340015311042,31.0604046751656,0.10042583128622,0.295125261605748,1,4.28415607931479
30,24.4822328114602,74.9814592218918,3.6119848643165,0.178262889385223,0,0,0.0202702702702703,61.7087555211092,4.19960596452176,2950.54,21.6265394053201,NA,0,0,0,0.624570016178967,0,0.365496854013277,18.8693889379549,0,0.0293361174867202,0.150963671440645,0,4.05146622310957
31,24.4799206069276,75.0567483230938,3.60080034141157,15.5959529876709,0,0,0.0600177626643082,2028.58899874518,131.599249724135,2957.81805790821,6.80038435203885,0.00988711204959431,0.0215703808425307,0,0.000512065772719059,0.453474819052343,0.267945376293414,0.245447327042444,122.191512541612,1.23192918537666,0.231272368262945,0.146733836409317,15,4.07735003392967
32,24.4779328552353,75.1274105418428,3.59189678231115,9.69269466400146,0,8.41670406390445,0.0311171716811084,2071.38275697838,134.850650982034,3066.05869114954,22.3951777380884,0.0225806351042558,0.0386680871872687,0,0.642003082664705,0.172690926242057,0.0495374477942235,0.0452661023440929,411.266308023856,1.56543118257302,0.462270448656417,0.432210260735186,45,4.10280536041449
33,24.4762283229074,75.1935806578241,3.58597536121118,7.12436103820801,0,16.2975110868096,0.0199315897508901,3764.50680538118,239.318435588043,3109.49380239995,37.8480134587021,NA,0,0,0.691450274393176,0.0649357869370554,0.0971225132670856,0.0210140624162283,574.98765047288,0,0.515283192090843,0.431751231382069,30,4.12778775148732
34,24.474765720667,75.2554328755974,3.58326449169745,4.91037559509277,0,2.2371654706981,0.00223593878749827,4083.0293387672,270.396158794266,5051.00259672893,33.1400858468009,0.038676272311084,0,0,0.97833700560182,0,0.0149212291630276,0.0104270798071082,535.599474670744,0.281093319639695,0.443012272553386,0.522272963877917,41,4.15226666876108
35,24.4735054254565,75.313164983072,3.58356489524251,3.05862832069397,0,1.80440208737689,9.07478303128707e-05,1772.9710414785,120.164902126012,4068.85429929098,5.12186658379946,0.0453389253291075,0,0,0.637726023416821,0,0,0.263733836149947,426.088005891339,0.19954522825628,0.382440153666009,0.351643279550624,50,4.17622227272863
36,24.4724105600805,75.3669872519789,3.5745108629866,10.3741083145142,0.00385875947132514,5.84948092884228,0.0247469882978953,2520.4141292768,163.358669678134,3685.21423400452,18.4610235109086,0.0199932319986025,0,0,0.724305790609579,0.129327739600659,0.0767562625477354,0.111073504345549,548.928482957689,0,0.401449866328057,0.334280948037282,20,4.19964293604784
37,24.4714476140779,75.417114744094,3.57823328725313,29.3181743621826,0.000994067898202181,8.05793014958143,0.0108071993759602,3361.8067020084,218.467043770653,2736.82682393895,28.0136371492769,NA,0,0,0.512243132138557,0.0653001265022777,0.33173040299232,0.0492732950824417,744.96089844664,0,0.527713457581335,0.452973376955577,72,4.22252332013633
38,24.4705867401906,75.4637620440752,3.5830529635118,14.5357389450073,0,19.6674131307531,0.00299873866230362,2233.2261428472,148.123770682124,2759.83899377344,16.3858892739141,NA,0,0,0.884159590360483,0,0.0554038298665485,0.0475824950129945,575.475398301262,0,0.557133733492031,0.439673769416449,84,4.24486288667972
39,24.4698018243863,75.5071397101982,3.58850105853769,11.8591289520264,0,15.2091308396414,0.154761733947198,2151.12117673274,134.843737580542,3319.09318912631,11.1404758200665,NA,0,0,0.477000935249907,0.103832624808009,0.0928291288818177,0.114603363749673,356.882519617837,0,0.356386642934702,0.43783903459938,54,4.26666474447641
40,24.4690704008334,75.5474519347738,3.59421945708741,0,0,0,0.127272727272727,50.3126159842402,3.20924093726635,3539.68,3.17659701974162,NA,0,0,0,0.179365970743229,0,0.301728203361256,21.9204470908188,0,0.022470572437505,0.0715251497770194,0,4.2879347548723
41,24.4780522993111,74.9310625057084,3.63187718689282,0.160221770405769,0,0,0.0969387755102041,38.9359857828619,2.58825804299074,5909.43,0.350143860052941,NA,0,0,0,0,0,1,31.7074764981722,0,0.046200000778702,0.0237268518518519,0,4.04115527736369
42,24.4758695204415,75.0044267580542,3.62204580079386,2.05472230911255,0,0,0.093492483412717,146.178162226069,9.72809555445247,4818.48378873801,2.12818815892454,NA,0,0,0.0330814769969758,0.301882730992348,0,0.572901542596135,74.8133604878496,0.65520883065722,0.122924352869312,0.140578514077184,8,4.06580373818068
43,24.4739559143298,75.074038133084,3.61296679325225,5.30093955993652,0,0,0.000313179077437647,1251.7021715809,84.5560582370827,5158.98369516412,6.37261430354052,0.0352355684474203,0.0632116904848031,0,0.566776655171956,0.237257489682797,0.0433701639276974,0.153806405381774,279.969997664488,8.14550774122958,0.343739468632305,0.298500631158521,26,4.09023824703358
44,24.4722907307922,75.1398462530811,3.60934637473207,2.51907229423523,0,4.55714172244361,0,1231.77950981044,81.5912783933969,4116.21951143029,6.35451903432797,0.0340318637906029,0,0,0.613831944515742,0.141287766067528,0,0.141319491101465,251.902858260489,7.77431459727901,0.287909752641166,0.2731600068907,41,4.11438159741044
45,24.4708480396826,75.2018761478667,3.60390115010606,0.352623373270035,0,0.303385605205808,0,821.734163576384,53.6693881319607,3139.88818318716,5.25710290216209,0.0193780479730581,0,0,0.559811380600624,0.440188619399376,0,0,94.6683014329631,0,0.137218270871716,0.461176186013259,14,4.13817554531507
46,24.4695994745541,75.2602057346903,3.60092932477964,0.488345324993134,0,0,0,421.913462135544,27.9296644584392,5114.43594336112,0.556429011262208,0.0250690081340901,0,0,0.557885015928826,0.252764869055904,0,0,72.7542886813252,0.00420775652730913,0.0912282501057972,0.431942909298678,1,4.1615768797925
47,24.4675700973532,75.3662438810127,3.60192361107949,3.7731454372406,0,0.276071699363934,0.00555328191088256,840.391935309835,53.6617252330401,2969.06332164482,9.65773782116217,NA,0,0,0.69919066673784,0.224816935826455,0.0416635317110485,0.0532598055763089,207.256704217559,0,0.175922468758877,0.450988410404811,8,4.20708580348459
48,24.4667349232314,75.4142427047952,3.59101454157307,15.2788534164429,0,0.941245801331529,0.107500528948903,3429.58394729217,221.883200462667,2773.29212139383,28.8402979232859,NA,0,0,0.790553645910956,0,0.149379118582121,0.0456036271947563,630.034944637934,0,0.494289279900985,0.326191274575857,34,4.229156912567
49,24.4659865581811,75.4591061098484,3.5944733433678,12.0352048873901,0,8.76112288666135,0.00450023836358499,2540.44389874222,165.866173348885,3376.76673582963,27.3822720894389,NA,0,0,0.843019269641817,0.0165079211772154,0.0971887000408935,0.0246407505482412,747.021325787235,0,0.555955890548099,0.456278274705391,68,4.25075888176171
50,24.4653034375104,75.5009980430804,3.59863269914103,27.8449401855469,0.00365014674228273,73.6141083611128,0.0378622788183251,4370.73812681593,264.858204688887,3539.68,31.0147263704506,NA,0,0,0.365012678062539,0.248983094080188,0.336921407242333,0.055928195132673,478.563613590706,0,0.352405291459978,0.362840910709063,44,4.27188755455033
51,24.4646666322297,75.5400824099833,3.6031864488325,0,0,0,0.127272727272727,3.67042902230226,0.234122015825864,3539.68,13.7915975868104,NA,0,0,0,0.59540234824916,0,0.43725269490529,24.8514335889934,0,0.00696966620834189,0.320314986991123,0,4.29254234967321
52,24.4640598324154,75.5765206662705,3.60790278520932,0,NA,0,NA,0,0,3539.68,8.18038175057274,NA,0,0,0,0.511335203022486,0,0.596995142693577,12.9951863195221,0,0,0.12010970180613,0,4.31272547344253
53,24.4711804996772,74.9634443896927,3.64267913066359,0.0490577295422554,0,0,0.0969387755102041,80.2723567804137,5.33608097725827,5909.43,1.22979745610397,NA,0,0,0,0,0,0.999302286289019,73.5279588687572,0,0.0814373319863356,0.129419191919192,0,4.05799771639705
54,24.4694818327853,75.0304001291034,3.63466952260915,1.49211668968201,0,0,0.0938097418060364,580.075343911145,38.0285378757882,5909.43,8.36944462046281,NA,0,0,0.0872968685071155,0.333252651843644,0,0.605874639039882,191.761439993569,0.655208091298021,0.268426617825002,0.147470901646432,9,4.08107140492439
55,24.4679686283158,75.0944426841094,3.6271212344511,5.22347831726074,0,0,0.00625496946725858,1674.40979524842,113.561056616499,5909.43,10.0587710718601,0.0400617594807633,0,0,0.772985136932539,0.0356550743918943,0,0.217698410299471,302.49751160916,2.00149615307955,0.353488325378171,0.200472640282423,73,4.10406743992736
56,24.466634223571,75.1554274290819,3.62069568727135,0.0897425189614296,0,0,0,65.160726276711,4.32139167860659,5909.43,0.994902044366615,0.00676182312249743,0,0,0.552738334629023,0,0,0.296676546599746,77.9632460012663,0.644484788898654,0.078491946732873,0.253113057134612,5,4.1268978656588
57,24.4620728664891,75.4140996826685,3.61860428802242,0.307507127523422,0,0,0.00373294193467667,315.785080739797,21.1168397428193,3080.39298075132,1.56391315370964,NA,0,0,0.752111434300217,0,0,0.0716700999389185,140.666764784047,1.21656724919437,0.146734395082259,0.457719691629244,27,4.23663572368726
58,24.461447661198,75.4570499898341,3.60563548255224,4.97698211669922,0,6.42549276681548,0,2093.1753142318,139.837825432103,3539.68,11.6875985679587,NA,0,0,0.941020511330905,0.0286711922126583,0,0.00750100426891134,578.894771849863,3.38617201794807,0.478035795521889,0.402176366461483,53,4.25747349599945
59,24.4608752661547,75.4973238813061,3.60868325478546,8.73293113708496,0,6.37453224959793,0,1600.95231836451,103.483146154772,3539.68,42.1791547835105,NA,0,0,0.316680010278245,0.450581679637938,0.17725401678302,0.0788404638211248,382.967630352542,0,0.297570596919864,0.447180480041343,28,4.27790180856622
60,24.4603402363429,75.5350476076713,3.61219766591881,0.103183187544346,NA,0,NA,0,0,3539.68,9.32285515103678,NA,0,0,0,0.479554114405919,0,0.435166914760892,22.3298718890127,0,0.00185383187899537,0.250718276065498,0,4.29791408569078
61,24.4620055563394,75.1172664436026,3.63973989846337,0.663964569568634,0,0,0,268.263685413114,18.2214918032023,5909.43,2.649052020859,NA,0,0,0.00795566154623057,0,0,0.883721985348793,124.380844832264,0,0.18767769013069,0.197569867426913,0,4.11866741245405
62,24.4610001167381,75.1735404838096,3.63422682511687,0.0540208294987679,0,0,0,242.751650587213,16.4677073687267,5909.43,1.37676492444885,NA,0,0,0,0,0,0.956622809948251,55.6502169486202,0,0.093587075611353,0.141535109632575,0,4.14020111786898
63,24.4601080936289,75.2272879815422,3.62988623577199,0.159444332122803,0,0,0,201.583014944809,13.6749228793571,5909.43,2.39891805942031,NA,0,0,0,0,0,1,21.5668405398863,0,0,0,0,4.16160492968989
64,24.4569726131905,75.4573174646867,3.61633695357039,1.98008704185486,0,6.12856625125792,0,949.248157618345,63.4455969848837,3539.68,5.17281136495766,NA,0,0,0.914192205861336,0,0,0,168.308078057488,0,0.198697356645437,0.551160142259043,34,4.26492661980547
65,24.4565174946495,75.4958760243019,3.61845411106459,2.22060990333557,0,14.7641072883874,0,827.485335903138,55.2563471325595,3539.68,39.0483969483243,NA,0,0,0.41434377044049,0.563548119519787,0,0.088361452186561,172.427392514169,0,0.199141581568265,0.344663620684583,9,4.28463537731018
66,24.4560896401065,75.5321370164199,3.62106938544544,0,NA,0,NA,0,0,3539.68,16.9346317851792,NA,0,0,0,0.704730856518817,0,0.290058470546299,9.24277383663737,0,0,0.496012566394511,0,4.3039849233339
67,24.4548033280211,75.2433711525979,3.64236420919696,0,0,0,0,192.361078096831,13.049328132553,5909.43,3.10311333364059,NA,0,0,0,0,0,1,18.7795575405494,0,0,0,0,4.1743805011325
68,24.454250297877,75.2909961977391,3.63954466002473,0,0,0,0,68.123176656228,4.62131785917477,5909.43,1.04290866354031,NA,0,0,0,0,0,1,13.7400791691944,0,0,0,0,4.19450793186865
69,24.4522320901718,75.4964177544546,3.62781908300716,0.202380746603012,0,2.05073519664664,0,176.167497457699,11.7817997241242,3539.68,13.5460606305066,NA,0,0,0.0894066680131928,0.494919385724362,0,0.339919706749703,45.1206583209892,0,0.055545307998222,0.526946984639292,9,4.29201723106955
70,24.4519150253328,75.531142281418,3.62967374947272,0.159444347023964,NA,0,NA,0,0,3539.68,10.3255499017467,NA,0,0,0,0.345057758663061,0,0.584166182970687,32.6161809070423,0,0,0.226956489277918,0,4.31069044768621
71,24.4516061125052,75.5638837780429,3.63188703004435,0.139112681150436,NA,0,NA,0,0,3539.68,15.3831517198061,NA,0,0,0,0.781279917092892,0,0.385427270683677,6.31343158923912,0,0,0.39788327991453,0,4.32904693432879
72,24.4478178465453,75.5318603174723,3.65249096595103,0,NA,0,NA,0,0,3539.68,4.20378395153967,NA,0,0,0,0.595861994148439,0,0.498231595735209,13.4333260235425,0,0,0.446403497296354,0,4.31796763189598
73,24.447402193372,75.59287068883,3.64137924749772,0,NA,0,NA,0,0,3539.68,6.19785874708358,NA,0,0,0,0.379974413164156,0,0.551939176283566,8.93182952822547,0,0,0,0,4.35312978014595
74,24.8471816482556,77.2758389346629,3.41088179765822,16.9267234802246,0,2.9354039710255,0.00218126809840054,2936.87268732418,194.748303300707,3160.43797041529,1.20166384756119,0.0363346580908694,0,0,0.755844074555887,0,0.0327174719364144,0.149543420688383,482.178501374484,0,0.532798227946647,0.154388256255665,87,4.42110813519939
75,24.8579677770511,77.2956751752549,3.40717194817297,12.0058078765869,0,6.70454522669645,0,3850.02548877702,248.770108165373,2621.78029415439,12.305305639074,0.0662737792258383,0,0,0.833918719180341,0,0,0.0653864521035084,469.278422897265,0,0.497065799168225,0.127628543882724,99,4.43456754312025
76,24.7940975027967,77.0921313475982,3.42246426781616,11.5622215270996,0,5.00375520550503,0.0950172802610873,2745.86299224643,176.058844210997,2590.47603989682,7.19294193540955,NA,0.00678964421896714,0,0.924299008547878,0,0.00403591672348398,0.109380973490709,484.862786383578,0,0.527499590875684,0.188029098739664,92,4.38845578648052
77,24.8045102968222,77.1132285341231,3.42006228186644,13.3242807388306,0,0.455282547609783,0,2420.66506785074,158.898622746309,2548.92034843965,10.7028955074473,0.00902900888775283,0,0,0.94978787185135,0,0,0.0367811963750107,450.014959988732,0,0.548386049136416,0.162181470192574,125,4.40319886570018
78,24.7492433269745,76.9209747117353,3.42836842599185,9.2248363494873,0,1.53964243463083,0,3360.31036242395,221.243797763783,2585.28239292698,11.3780449170262,0.0184292631441085,0.0107641870220508,0,0.769745644844923,0.000279771123031262,0.0283853045289304,0.11302373797425,507.851850408018,0,0.530117305755818,0.153673289147047,58,4.35613018221589
79,24.7592967589305,76.9442483164073,3.42796388992451,18.5696258544922,0,22.0012061431149,0.0757763130041167,3299.79510382013,213.870112579093,2546,17.7703436012821,NA,0.00936277031897425,0,0.888763263692775,0,0.101732418953209,0.00878306831124724,546.027310436486,0,0.587742951710477,0.190810165723742,114,4.37220868815906
80,24.7632760009771,76.9522706654676,3.42891892774425,11.644287109375,0,27.8777996694816,0.00449856231761685,2304.42545569954,150.193261790841,2571.44937959065,13.2356014006957,0.0346428274350726,0,0,0.921272002269462,0,0,0.06903997838715,460.596480518426,23.4859906480585,0.542068238458428,0.113188153199314,70,4.38853941530025
81,24.7112784637607,76.7596708887789,3.42855614819394,10.2717514038086,0,0.135604485618113,0.0100701022059711,2705.61450674973,172.663819021638,2606.9725084468,30.3728662413053,0.0277617386409107,0,0,0.992157552722025,0,0,0.0190325887285316,659.32745990778,0,0.525240246180297,0.178677942588533,36,4.32422618860733
82,24.7209287056399,76.785899693225,3.43074778855291,11.4678497314453,0.00166591225952792,1.83506313094855,0.115029261694783,2168.33878317239,138.185334556332,2556.19764569879,11.4184233672314,0.0439549759685845,0.0102066163455464,0,0.6955837635583,0,0.112987863816862,0.10571073439495,540.573045989738,0.762712528246373,0.52255529873526,0.165492994352598,81,4.34168992703262
83,24.7258608161467,76.8001343515224,3.43361419109229,15.3467512130737,0.062130726550423,0.283885599686327,0.00246422776859108,3494.40098997862,220.588793222472,2559.55627126974,25.0887502805093,0.0311646094218063,0,0,0.894642262221969,0,0.0554900431648217,0.0579305146497769,560.804877335413,0.0862167082833832,0.561746745389638,0.113710748989767,44,4.35933725639319
84,24.7263980481553,76.8029187181819,3.43706090647001,9.3563117980957,0,0,0.00454203540170644,2857.20082185393,178.139176892693,2594.88150202277,12.747375871832,0.0834147220888158,0,0,0.842381301243632,0,0.148807001339249,0.0111915060058123,451.695583654013,0.0862166445337651,0.487826040459624,0.0692528998778999,182,4.37707190044844
85,24.6883218969668,76.6360902094839,3.42952506678536,16.0443000793457,0.0200455881406421,0,0.000814738325069413,2673.33651123643,171.903854876865,2556.13963167288,8.56254315304948,NA,0.0372598194983918,0,0.896394040721904,0,0.0261404524733585,0.0500681772320054,481.643093500114,0,0.528055080177359,0.126500220640321,76,4.3117469806468
86,24.6937598470235,76.6562052642467,3.43488503720197,20.0344257354736,0.0443761928105538,17.1893760944843,0.00350994303717464,5917.65045896553,366.175397450218,2547.85673801219,23.2001970114174,NA,0.0139586947523124,0,0.846574096761089,0,0.139467208486598,0.00258830180257409,607.220637287825,0.873387646864618,0.593611545339096,0.130634815058178,51,4.33074520681459
87,24.6956595951139,76.6668001174925,3.43998108938995,3.79574942588806,0.00490639684469313,3.21035716867889,0.00155729461807935,4853.99931204553,306.951723889557,2563.81669778215,19.6866376703056,0.0985965224476005,0,0,0.771425201468751,0.0696235415693925,0.011188194770466,0.143525184520776,413.056045813197,15.9866384987054,0.430552006045534,0.0484298359819193,15,4.34975180474814
88,24.660617180464,76.4933056134296,3.42602545581955,16.9151439666748,0,0,0,2666.35417053913,176.627123223481,2607.50713150531,7.31743008401427,NA,0,0,0.885819437857162,0,0.0782982256804659,0.0183073145217346,423.343019966679,0,0.53666159023087,0.151755943823776,63,4.28249643620722
89,24.6689701962738,76.5369656969887,3.44127974661672,1.09733629226685,0,0.846476400421932,0,375.062887926429,24.4868436112544,2548.83481083733,5.98313558345813,0.120179372683329,0.00199377952251993,0,0.495406172683987,0,0.00536151930209932,0.589379570584292,254.405654682735,98.7184483462826,0.362106721712313,0.137648035338253,20,4.32316883993045
90,24.6690935919276,76.5471048679571,3.44743570176261,0.130919367074966,0,0,0,187.56556863699,11.9047590104793,2534.38929170927,7.93431867796396,0.0428678658006397,0,0,0.0870641856991319,0.128672313595504,0,0.778449782456437,292.979975373123,207.352084933093,0.38208592877899,0.0352261241844575,24,4.3433093447989
91,24.6669616233559,76.5505994795755,3.45295872478056,0.0335165597498417,0,0,0.00246749104629809,960.973964984301,60.3179743209794,2181.96819035118,5.54228655290496,0.122499476494315,0,0,0,0.323875227631476,0,0.62320780565297,219.899384685464,87.1131161953208,0.317691296970641,0.111094923594924,5,4.36323485871562
92,24.6458446210286,76.4128085538797,3.44210478743527,0.23192435503006,0,0,0,34.1568026463506,2.16828097456296,2836.24213571363,6.11240006451167,NA,0.0519091475711941,0,0,0.143112397832395,0,0.832564812448457,347.735884681543,164.976643214957,0.410312814791014,0.106366290032487,7,4.29743395160815
93,24.6273812470672,76.3184211067101,3.43257277151711,1.43049263954163,0,0,0,2.5272287063903,0.105301196099596,2681.36170147538,4.055591046958,NA,0.0684876595058623,0,0,0.209107162064315,0,0.786807949217536,234.135470690584,29.7276654470023,0.354411565730119,0.0683810154792298,1,4.29520299468938
94,24.6103685910521,76.2111439681494,3.43765890430978,0.632394731044769,0,0,0,3.20990593144205,0.133746080476752,2896.80643474893,3.34194655807015,0.074325177048974,0.0595538872673448,0,0.0343509643371846,0.183765920045645,0,0.770872615701506,152.859552003719,58.0958339325999,0.208592161662708,0.220693341651134,0,4.27269571570028
95,24.5825872614836,76.0107136487687,3.47106177766851,0.318888664245605,0.041522491349481,0,0.0588235294117647,33.3200103479486,1.91800782333313,2709.84,3.43480788268066,NA,0,0,0,0.0602102442113121,0,0.886429257517268,73.8499447822603,35.3627735795197,0.0985306338149872,0,9,4.23134941072131
96,24.5833315804743,76.0481598371737,3.47648781660344,0.0110443225130439,0.041522491349481,0,0.0588235294117647,16.6595580121862,0.958978171584286,2709.84,3.15968154513839,NA,0,0,0,0.467990053044764,0,0.620107847401098,98.2647194138973,38.8709545504145,0.13780746592214,0,15,4.25657204988894
97,24.5698838267706,75.8685390022596,3.4723179088295,0,0.041522491349481,0,0.0588235294117647,35.1028805232544,2.02063561091526,2709.84,3.38008502402101,NA,0,0,0,0.0770516062331344,0,0.858531330077168,2.75616890193836,0.00100235818310888,0,0,0,4.18582461104877
98,24.5712952881514,75.9178418764339,3.47776661639685,0.180213332176208,0.041522491349481,0,0.0588235294117647,35.1029070003071,2.02063713502026,2709.84,5.43515377038415,NA,0,0,0,0,0,1,71.1431075830211,28.6593760848912,0.0915444082130463,0.007878222823875,12,4.21274294220822
99,24.5719772290307,75.9608559435333,3.48215344060604,0.167536944150925,0.0379558068790971,0,0.0537447907307229,31.7208457754991,1.83680983198358,2709.84,5.81244064850679,NA,0,0,0,0.205753535226821,0,0.756268437671881,100.21133706665,33.3438761715697,0.151587894733343,0.039391114119375,26,4.2388709817534
100,24.571954402422,75.9981121968269,3.48571658859056,0.22173660993576,0.00016781123483065,0,0.000236409805339628,14.1879070873055,0.870654809446753,2709.84,4.03375595481541,NA,0,0,0,0.961321744392405,0,0.154933241938978,1.23136511712956,0.103198519656166,0,0.0150999270790937,0,4.26422151666897
101,24.5587711604605,75.7135431077271,3.47599235025205,0.0625190362334251,0.041522491349481,0,0.0588235294117647,33.5474314050147,1.9310989167058,2709.84,2.3037087381996,0.038819106394054,0.0153161145946642,0,0.0391773032037275,0.105448819342564,0,0.823738616847868,4.62931743323131,0.0648764245373417,0,0,0,4.13909213347921
102,24.5603533144464,75.7754230147445,3.48055796455796,0,0.041522491349481,0,0.0588235294117647,35.1027255301731,2.02062668901099,2709.84,5.2079947009187,NA,0,0,0,0,0,1,23.0909169542712,0.383806664259426,0.00538581065584832,0,0,4.16783199429863
103,24.5614149621415,75.8301778987872,3.48440839001321,0.138675346970558,0.041522491349481,0,0.0588235294117647,35.1027520067985,2.02062821309139,2709.84,9.93603294835979,NA,0,0,0.0638930545983268,0,0,0.855725642040054,109.058065168989,0.28790579916536,0.0938717570407543,0.0377498176977344,0,4.19566430574574
104,24.5619292745853,75.8783735908992,3.48761178826704,0,0.021383185630053,0,0.0302105274399119,22.0663086518825,1.31204995736492,2709.84,5.81233885819522,NA,0,0,0.0490842669325075,0.14814533409769,0,0.610563938601397,11.0133693089508,0.000501316850218659,8.94048190496061e-05,0,9,4.22261193598374
105,24.5618940680388,75.9205802444886,3.49030567030917,0.0693378746509552,0,0,0,16.0331177092724,0.984124065054996,2709.84,4.08719875092902,NA,0,0,0,0.205321437329957,0,0.682926347140127,2.18954635102453,0,0,0.0532938602791544,0,4.2487007578812
106,24.5484670573752,75.4611331409263,3.48048332533363,0,0.041522491349481,0,0.0588235294117647,26.331707371523,1.5157384470443,2709.84,5.78971316668587,0.0727840283663558,0,0,0.0604367598558383,0.222247057053693,0,0.704104223697934,106.27216892154,58.5530427112745,0.148552591130367,0,0,4.05946736676634
107,24.549848425693,75.5454569109295,3.48278672183844,0,0.041522491349481,0,0.0588235294117647,34.5625279560654,1.98953116525621,2709.84,4.05533535445347,NA,0,0,0,0.318689557159773,0,0.738725663795993,19.218424745826,4.8448123271195,0.0256207690577444,0,0,4.09124032510197
108,24.5510862816549,75.6209213655996,3.48543530158281,0,0.041522491349481,0,0.0588235294117647,35.1025436247297,2.02061621794391,2709.84,3.4682848716649,NA,0,0,0,0,0,0.984154002478238,10.4719793896885,0.0550262023745167,0,0.00717670011148272,0,4.12193341504596
109,24.5520713988473,75.6882184806701,3.48799473657091,0.0911538749933243,0.041522491349481,0,0.0588235294117647,35.1025701051229,2.0206177422412,2709.84,10.8950809661791,NA,0,0,0.00564501286276336,0,0,0.935070453548854,133.033423101308,2.5216028371552,0.144440627056194,0.0343883547008547,2,4.1515802207898
110,24.5527256383881,75.7480175640276,3.49030655005431,0,0.0383941201693427,0.0521020403724236,0.0755841589464917,34.4059440786782,1.99737080223471,2709.84,9.55025004032908,NA,0,0,0.11903568850651,0.0014756071551752,0,0.474522111343767,129.203416154616,1.57516062474768,0.13907125869784,0.0144276344797178,7,4.18021753967977
111,24.5529991251546,75.8009646380618,3.49236813820922,0,0.0148580308180823,0,0.0209732121127297,19.7595356026893,1.18666791271475,2709.84,6.57586133474515,NA,0,0,0,0.671416627556578,0,0.222734015362213,3.79427488599202,0,0,0.0377498176977344,0,4.20788363923802
112,24.5528666183656,75.8476807638965,3.49423720765976,0,0,0,0,16.0330467188114,0.984119707610464,2709.84,4.95804695376638,NA,0,0,0,0.008070900960864,0,0.885681529220218,1.93680256914998,0,0,0.0100666180527292,0,4.23461710893724
113,24.543493345839,75.2629965465822,3.49368073178586,0.0119556682184339,0.041522491349481,0,0.0588235294117647,14.3393603445152,0.825420071457638,2709.84,7.47230005350701,0.0734879503475457,0.0400364372510422,0,0.250805441020059,0,0,0.808453951154814,31.9216558536175,5.10755279267815,0.000207526987232075,0.00695266272189349,3,4.00837646923096
114,24.5436218298178,75.3638456157282,3.49239930832581,0,0.041522491349481,0,0.0588235294117647,35.1023347958152,2.02060419707454,2709.84,2.98906188865106,NA,0,0,0,0,0,0.978710941573795,79.6956896855627,43.0456173327946,0.0727786362954688,0.0196488294314381,1,4.04241897952545
115,24.5439891982132,75.4542345989371,3.49233381344906,0.0156794507056475,0.041522491349481,0,0.0588235294117647,35.1023612841624,2.02060572182969,2709.84,2.81637640077967,NA,0,0,0,0,0,1,14.3445170392191,5.51641228180667,0.0135445472500696,0.0077471043616877,0,4.07519683019636
116,24.5444275422695,75.5351078915526,3.4929056803656,0.462653547525406,0.041522491349481,0,0.0588235294117647,35.1023877682327,2.02060724633864,2709.84,6.28376091985773,NA,0,0,0,0,0,0.995696434702553,26.5949552004965,0.401380819619909,0.000369376688876528,0.06873590337132,1,4.10676534186394
117,24.5448050232316,75.6073253863687,3.49377749985108,0.558578789234161,0.041522491349481,0,0.0588235294117647,35.1024142481908,2.02060877061088,2709.84,10.3463010387592,NA,0,0,0.138597985365813,0.000364797506437555,0,0.569617117089868,109.390231506755,14.8955167355657,0.140207080757392,0.0830721959367793,25,4.13718013171689
118,24.5450225441992,75.671676127319,3.49480088247713,0.0979949682950974,0.0289997714925216,0.272986077895578,0.149449227841476,35.0267839862081,2.09308388942696,2709.84,8.26695710224329,NA,0,0,0.00155544119081114,0.585027527071397,0,0.0405882710958816,26.7336534060157,2.97541268396922,0.0300056110124113,0.0832322191697192,1,4.16649571075112
119,24.5450100579707,75.7288888507055,3.4959315294731,0.0734044834971428,0,0.383525650264697,0.226081299218314,23.7176474724531,1.50940277655747,2709.84,4.96196352178113,NA,0,0,0,0.335804703615399,0,0.0332470229468531,1.65646632766126,0,0,0.00688034188034188,0,4.19476467959327
120,24.5447226253681,75.7796394155714,3.49716064500804,0,0,0,0,16.0329755310836,0.984115338057555,2709.84,7.13728153216664,NA,0,0,0,0.13414255817107,0,0.71263710665561,0.286076490263517,0,0,0,0,4.22203729888349
121,24.5441363656322,75.8245556236151,3.49848001691658,0,0,0,0,16.0329876183576,0.984116079982958,2709.84,6.19139838165725,NA,0,0,0,0.607212876979257,0,0.439057437576265,0.591208614722205,0,0,0,0,4.24836129349843
122,24.5404987863963,75.1683212383791,3.5476260416769,0.147488653659821,0.041522491349481,0,0.0588235294117647,12.9023635716588,0.742701878285988,2709.84,4.80059443238043,0.0642870199309937,0.00457806744338676,0,0.344625669634457,0,0,0.743598332453069,18.4943624672827,6.69124754686881,0,0.0410839160839161,6,3.99286992139293
123,24.5394619487251,75.2752986220379,3.50126995338241,0.0546677447855473,0.041522491349481,0,0.0588235294117647,34.5227567152484,1.98724180369137,2709.84,2.90313698835294,0.0338803321509167,0,0,0.0672233801751355,0,0,0.914415354547053,27.7201184744005,6.59956496545948,0.0343141943203362,0.00718878600823045,6,4.02785215685618
124,24.5388780204466,75.3710138314716,3.49930302428107,0.053213108330965,0.041522491349481,0,0.0588235294117647,35.1022049960361,2.02059672537843,2709.84,6.2628547425599,NA,0,0,0,0,0,0.966830141609441,170.263718312824,78.3540436090376,0.256733388610738,0.0718941887420148,0,4.06143630317632
125,24.5385549343904,75.4566228758642,3.49822419395257,0.199432179331779,0.041522491349481,0,0.0588235294117647,35.1022314797416,2.02059824986639,2709.84,4.08995598976935,NA,0,0,0.0905774526778856,0.261165766209361,0,0.644241193984201,68.0888957872702,14.2113865716877,0.0814821808254051,0.105580463132546,13,4.09370263200953
126,24.5383405010515,75.5331391913169,3.49780414281007,1.09738206863403,0.00206811207282385,0,0.00292982543650045,487.295580174138,27.7518866874049,2709.84,8.81069918549325,NA,0,0,0.324753392689529,0.381322874620029,0,0.198117720632329,107.662388629614,10.1145912959918,0.218502210891829,0.130422220526387,8,4.12472632229753
127,24.5381173658287,75.6014614171934,3.4979159468568,4.55929946899414,0.00074337639958623,15.5049502476378,0.5859917024052,698.967807446985,40.111146288179,2709.84,10.6549324577321,NA,0,0,0.19235000035877,0.546222833250207,0.141565495092846,0.00912180453588216,95.8208768339242,1.03852477501963,0.149568367252479,0.149901747557998,0,4.1545773622907
128,24.5377983373512,75.6623946093331,3.49847323271561,0.351073890924454,0,1.08372071604113,0.390448539992117,37.747349158769,2.46840646090814,2709.84,13.8121479572169,NA,0,0,0,0.319669281305341,0,0.0753091838066148,11.8229357835265,0,0.0111998193490215,0.0475494123931624,0,4.18332070335116
129,24.5373219852871,75.7166659812625,3.49939224526344,0,0,0.161829876935104,0.119456990080701,19.2754811942844,1.20575798718433,2709.84,6.49248735409681,NA,0,0,0,0.449048565350491,0,0.489523665725464,1.4306977170263,0,0,0,0,4.21101654070601
130,24.536648476313,75.7649363188363,3.50058433157376,0,0,0,0,16.0329162332189,0.984111698312833,2709.84,5.94223799673882,NA,0,0,0,0.324484562597403,0,0.625541390946887,0.27941824527576,0,0,0,0,4.23772064967577
131,24.5357556676916,75.8078081458589,3.50196416285191,0,0,0,0,13.9042922163759,0.853455255915623,2709.84,4.05162719765199,NA,0,0,0,1,0,0.0084470020250836,0.507094253459845,0,0,0,0,4.26348473693657
132,24.5342719591576,75.2964254657879,3.53474472247741,0.0443318262696266,0.0302812539865843,0,0.0506829102352261,43.6750262950343,2.54560584699112,2709.84,4.62671477236109,0.0547161663406749,0,0,0.291138793548313,0.119486778341978,0,0.558726642154834,93.9316086685472,12.2276191191955,0.144263947139388,0.0707727101957871,3,4.05007147457672
133,24.5332515319641,75.3859374000334,3.50022647327514,3.0543749332428,0.0118941953721262,0,0.0228342252683733,106.368784856931,6.53102369072668,2709.84,6.88340734852804,NA,0,0,0.403889025761506,0.521962415249118,0.0083073437118543,0.127517941156879,143.963633448219,0.719255017997678,0.220140659387956,0.181504155063938,14,4.0828362473611
134,24.5324846558966,75.4660154957143,3.49890158080971,25.860445022583,6.75070156306371e-05,48.901798154078,0.0490071195684112,2776.467660667,167.938536650289,2709.84,21.7938689461315,NA,0.00876918751900591,0,0.395106541061295,0.193289677039555,0.288646681612617,0.0248210774445366,304.53628343075,0,0.398210031404259,0.265822572695713,24,4.1142927987271
135,24.5318392534996,75.5376472698578,3.49851555909363,10.3126134872437,0,62.3930205328938,0.384256117658629,1422.47739145611,84.5460973271399,2709.84,23.1026827118605,NA,0,0,0.11783200637161,0.198929289706016,0.285922858982704,0,182.695384236108,0,0.276235049922177,0.159543954378404,8,4.14452317219772
136,24.5312143841371,75.601699478163,3.49890066780292,0.415918052196503,0,3.84464512864353,0.481784672252439,44.8858537648124,2.96700123744312,2709.84,25.8826841047899,NA,0,0,0.0095741457588455,0.522209332996175,0.00352182783802178,0.0841043227363394,32.1800217466489,3.80288651750523,0.041060742186946,0.0867941503079152,0,4.17360182249174
137,24.5305353958818,75.6589407055788,3.49986370152936,0,0,0.213413902719455,0.148802242396385,20.3089961241147,1.27640461513716,2709.84,7.66276048418226,NA,0,0,3.55889853392602e-06,0.5148015335767,0,0.409029971666765,12.3485250078388,5.36905859707187,0,0,1,4.20159650459221
138,24.5297496105686,75.7100581101583,3.50121672263467,0,0,0,0,16.0328446507612,0.984107304531125,2709.84,6.07632435546593,NA,0,0,0,0.0426534221079064,0,0.828440018782446,1.0678848716345,0,0,0,0,4.22856905697937
139,24.5288224491026,75.7556697921883,3.50280252338827,0,0,0,0,14.0336654934267,0.861396278842626,2709.84,4.43155822400802,NA,0,0,0,0.94792772049299,0,0.175264184424275,0.100703445031944,0,0,0.05252849002849,0,4.25457608548895
140,24.641040989585,73.314635564347,3.73618897410984,0.00646142242476344,0,0,0,17.1289783814548,1.32306354493307,1618.19634857303,3.50101253005949,NA,0,0,0.00177473838552428,0.176013440540859,0,0.617151166370248,59.5374929510928,2.23846237251618,0.106392034893362,0.0525641025641026,0,3.60591564388479
141,24.5283258802556,75.3234302962685,3.52096073311085,4.66509389877319,0.0991058086719816,0,0.0156851569938057,864.048494329648,53.0000994558226,2709.84,6.54415737780466,0.0751072355682273,0,0,0.51186650563799,0.0596365240169071,0.0603561616759411,0.258407789640657,209.365260113874,0.626925229255145,0.311935720240233,0.2541823849623,21,4.07422832508019
142,24.5270663760052,75.4062374458478,3.49738273144689,25.3455829620361,0.179022724931864,5.90421808347965,0.000645453152398496,5110.44115298311,313.853206071275,2709.84,22.2977469510966,0.047238339561281,0,0,0.160701395909546,0,0.455981184270637,0.313066731347195,450.567323748485,0,0.490478822487883,0.27812770680831,12,4.10592918629342
143,24.5260360147668,75.4804490748111,3.49695059295859,18.8646221160889,0,12.1773982256664,0.0192072428186189,3184.10685932938,198.707885447737,2709.84,18.3805175651853,0.0411852327819617,0,0,0.232641981547209,0.173306915596785,0.446084598381833,0.0277421385962077,286.047759203535,0,0.33293130739349,0.241135753713879,62,4.136373085947
144,24.525123913962,75.5469721720883,3.49760913277423,0.0900148302316666,0,0.106391363436788,0.0838217667519389,18.1645070565425,1.12981820235172,2709.84,14.6209673241739,NA,0,0,0.0524678015425014,0.263238588151212,0,0.39961537513993,58.1320056478185,1.68570129148309,0.0239024230529025,0.155424442524517,0,4.16564042553919
145,24.5242456110746,75.6066013657911,3.49901075151786,0.24616701900959,0,0,0,16.0327607842646,0.984102156746455,2709.84,10.8858950206537,NA,0,0,0,0.509223414135708,0,0.590322148522566,55.3253158234313,20.0105100676766,0,0.0113047542735043,0,4.19380363103402
146,24.5233386682016,75.6600393353007,3.50084700949395,0,0,0,0,16.0327728710814,0.984102898643791,2709.84,7.98401944857304,NA,0,0,0,0.049337308553438,0,0.875401482899286,0.993887263770197,0,0,0,0,4.22092823958206
147,24.5223588498729,75.7079120956382,3.50288791741214,0,0,0,0.0212517101485831,69.4119107044229,4.39234334198087,2709.84,4.8111224924327,NA,0,0,0,0.668013704363089,0,0.374588678171314,1.72743082046027,0,0,0.208716555183946,0,4.24707380665085
148,24.5212767737456,75.750780497999,3.5049830446911,9.33550453186035,0,0,0.115993662282754,843.268974915601,54.9699098394751,2709.84,2.47303432937299,NA,0,0,0.323216381517354,0.676783618482646,0,0.0230983998397026,57.8137706115852,0,0.089770249457767,0.320366589429089,30,4.27229466679196
149,24.5200749770405,75.7891489740009,3.50704450552355,8.87964153289795,0,0,0.0950550118110862,525.566870920848,34.2727538848713,2709.84,1.201030304078,NA,0,0,0.879108453542164,0,0,0.0524344467343981,60.5102996444278,0,0.109784930389567,0.854798736616918,67,4.29664057475138
150,24.5236143841136,75.2693517954473,3.50369898711495,0.925553381443024,0,0,0.0138552453428307,118.459394559008,7.23714246281536,2709.84,2.31408954090001,0.0420626131086085,0,0,0.404246871247396,0.000243866447083176,0,0.285160999319897,108.27815775516,0,0.184352576141905,0.235089272111331,11,4.0679082618062
151,24.5219381549924,75.3539884227389,3.50038737471225,2.91290879249573,0,0,0.0228069809381793,236.876074389323,14.3648305374808,2709.84,6.06401395035653,0.0607111297825232,0,0,0.417183454618231,0.00744424509466593,0.000990441890892333,0.481558323426678,277.656820058504,0.0621200201847413,0.396911775679518,0.341507385345669,11,4.09965785472433
152,24.5205752321708,75.4300032821743,3.50038049283666,9.01713275909424,0,0,0,1395.71968785865,87.9271238020721,2709.84,13.6075952280928,0.0274889313408115,0,0,0.313227488187471,0.307572849659098,0.283814366790658,0.159121859706258,212.718071999991,0,0.30961648620041,0.221109443287643,23,4.13014418074092
153,24.5194089107989,75.4983173545878,3.49515294291299,1.22791278362274,0,0,0,175.169727865086,11.2340471635458,2709.84,15.7575604288219,0.0453213525582974,0,0,0.10324420896837,0.695725177961814,0.0354019141771238,0.125530497654611,42.827382302546,0,0.057302195056717,0.0885577975403124,2,4.15944957324303
154,24.5183484373935,75.5597322388519,3.49727972061518,0.174753159284592,0,0,0,16.0326888074284,0.984097738757523,2709.84,13.0261855432781,0.025764351709007,0,0,0.0077914548252299,0.640292335432891,0,0.325516276756096,31.0421670710282,14.9773537657534,0,0.0565237713675214,1,4.18764791377407
155,24.5173246811079,75.6149522874776,3.49982459146311,0,0,0,0,16.032700894016,0.984098480640785,2709.84,7.81324753364262,NA,0,0,0,0.24905533817384,0,0.715690208081007,2.03898906337883,0,0,0,0,4.21480583767218
156,24.5162864437298,75.6646013555334,3.50248886830965,0,0,0,0.0176234795393004,42.9212256245495,2.70092195096362,2709.84,8.40544395304835,NA,0,0,0,0.280045232495551,0,0.613211645885858,2.54657492203112,0,0,0.0545873397435897,0,4.24098372787893
157,24.515197275715,75.7092355415793,3.50509915656999,2.74435138702393,0,0,0.0268530744338427,368.454082625495,23.5076990268757,2709.84,4.85671031803137,NA,0,0,0.0839026082696928,0.759727154063965,0,0.0528210682833266,40.668179204693,0,0.0797293848351395,0.44461653382849,6,4.26623653972635
158,24.5140327152539,75.7493529631668,3.50756986752393,3.91381907463074,0,0,0.00374275096161734,460.885485144614,29.918634080811,2709.84,1.3086425438344,NA,0.0123520957351983,0,0.434661683168843,0.427098963164458,0,0.118874344459436,48.3791474797061,0,0.0994830097862882,0.48263753029378,69,4.29061448989683
159,24.6897773436203,72.7829739293327,3.73633494932424,1.95192408561707,0,0.669098612483398,0.111785665781702,634.987425743686,38.7948020897558,1614.43,2.87190251599491,NA,0.000310917752760705,0,0,0,0.0581442976071726,0.901601547138651,246.552212239756,41.9076467627105,0.274227894221002,0.392130477547144,0,3.53803324243553
160,24.6500266779215,73.1799167226031,3.7252740874739,6.868577003479,0,0,0,1184.07742520699,76.4972360493664,2638.51,3.17771181370519,NA,0.0342307536359775,0,0.41817920514495,0.0940739474294102,0,0.499277454909075,144.825001897065,52.3850826690478,0.251497014283246,0.227879527879528,91,3.59694493003047
161,24.5951072013651,73.8027487487578,3.69828597043299,0.997573018074036,0,0,0,23.1453743202694,1.64392803470046,2638.51,3.67887662965864,NA,0,0,0.0161585059720585,0.322089804082989,0,0.620977319777704,69.3332654468479,9.9127163831873,0.0911738154092309,0,2,3.70381131879434
162,24.518983101822,75.2237974301141,3.49640488150051,0.0877838805317879,0,0,0,40.1129928871986,2.48134859847094,2709.84,4.41676794323137,NA,0,0,0.542431765016751,0.297264749467673,0,0.12143034288029,27.1680843846178,0,0.0352078766833928,0.372730305514761,0,4.06387040972722
163,24.5169772185146,75.3093323188573,3.49306280240493,0.372745454311371,0,0,0,159.071193478,9.83947661976541,2709.84,16.6670833285331,0.0478727397113674,0,0,0.41613845080824,0.442942007132863,0,0.324968006792591,100.879525892887,0.981709555668081,0.153757643507905,0.154177612665628,0,4.09547226935795
164,24.5153450498467,75.3863524845084,3.49376355553047,0.0839996635913849,0,0,0,36.9865304803252,2.28132551994292,2709.84,21.0394716376812,0.0529721374042691,0,0,0.0790496507114193,0.804488465141291,0,0.183587976509585,37.3560737265786,0,0.0717958110803947,0.272076685210366,5,4.12582947161036
165,24.5139682912418,75.4557644655806,3.49745994447479,0,0,0,0,16.0326045450652,0.984092566674279,2709.84,39.4730864652349,NA,0,0,0,0.945970410768828,0,0.00613448677740176,2.42472533481552,0,0.00344172052577267,0.105239141324211,0,4.15502212526617
166,24.5127534104612,75.5183559095178,3.50293224478115,0,0,0,0,16.0326166333788,0.984093308663488,2709.84,27.4155801506047,0.0533809791349759,0,0,0.0612451193996086,0.587416909965341,0,0,2.04367610725094,0,0,0.0935934532288699,3,4.18312225539009
167,24.5116275732403,75.5748174085693,3.49867056766802,0,0,0,0,16.0326287198009,0.984094050536595,2709.84,15.4967706250756,0.0313836094402985,0,0,0.0371051998081527,0.357961599771071,0,0.366135216851826,2.82131595532408,0,0,0.0163936372269706,1,4.2101949284015
168,24.5105351984397,75.6257592288489,3.50198784497637,0,0,0,0,16.0326408044452,0.984094792300578,2709.84,6.96367488155478,NA,0,0,0,0.0530077316981735,0,0.762576349744798,0.853908127997401,0,0,0.00303819444444444,0,4.23629918629346
169,24.5094350061454,75.6717241910071,3.50513203647248,0,0,0,0,15.7025881975949,0.96383593067271,2709.84,5.69270167190939,NA,0,0,0,0.331062026610426,0,0.101290112967492,0.304772711059762,0,0,0.0713913555580222,1,4.26148882668153
170,24.6433175273197,73.2109710653631,3.71279915581343,0.464265078306198,0,0,0,24.3478379417742,1.63045629856018,1657.17553965039,2.90601752498432,NA,0,0,0,0,0,0.978750506713487,283.386954020296,208.3983983684,0.330558260248828,0.316170634920635,6,3.60744152397495
171,24.5914997331923,73.7974492460217,3.69321346763297,0.348000079393387,0,0,0,28.3545701905621,2.00486859933267,2638.51,7.70212300410551,NA,0,0,0,0.609007864373201,0,0.424159097769133,19.5739934869764,9.66986297214444,0,0.191025641025641,3,3.70950226715683
172,24.5120859184247,75.27220303194,3.48797585925006,2.75897336006165,0,0,0,1148.35568328569,77.1388415122556,7769.5590599623,22.1297983027705,NA,0,0,0.425397141621721,0.115210760529701,0,0.386448674456926,229.647320255511,1.24164149224144,0.286170990023969,0.344868442844633,43,4.09333676602027
173,24.5102544220493,75.3494371950446,3.48923266387152,2.1189112663269,0,0,0.000261338769378418,1041.79177614008,69.4026912634375,7350.5104973549,23.1222114675516,0.0406765469170629,0,0,0.375638145749708,0.362672226477437,0,0.257329332326705,310.632991394665,0,0.354936673647183,0.160946848092577,49,4.12339779156081
174,24.5087181366721,75.4192614032747,3.4937784497464,2.48709845542908,0,0,0.00379266026427391,490.892335293657,33.4123943966969,5293.19820929937,35.4585249080729,0.0530778112895354,0,0,0.231140030447144,0.660837063068374,0,0.0950365677566795,150.461025001296,0,0.189061366641824,0.257912929241772,36,4.15233068750248
175,24.5073840919728,75.4824285651234,3.50019541576476,3.1934232711792,0,0,0,200.168729507996,13.6510743324511,3781.88457821863,21.6175606383592,NA,0.0133466549939839,0,0.0624884359266025,0.830987469984071,0,0.088057356320692,68.0749858849473,0,0.0944734158956328,0.100622337166628,19,4.18020245722719
176,24.5061785650342,75.5395999489348,3.50734021964375,1.02286684513092,0,0,0,16.0325563483227,0.984089608324257,2709.84,21.1668759938239,0.0453592181940313,0,0,0.0746835315615197,0.593857313162256,0,0.10802244186126,27.2990605084283,0,0.0318853126722013,0.150584484500655,1,4.20707404245429
177,24.5050440006452,75.5913605277915,3.50791915447828,1.80952620506287,0,0,0,16.0315838707659,0.984029916966425,2709.84,8.35721766350946,NA,0,0,0,0.425336210367772,0,0.481025650191406,13.8021734695948,0,0.0268697911027424,0.0287532655596838,3,4.23300106142266
178,24.503936366677,75.6382309851979,3.51295394126581,0,0,0,0,6.69075739524223,0.410683404531766,2709.84,2.26743221286256,NA,0,0,0,0.876648039517888,0,0.268902603656545,0.237192530102212,0,0,0.0070220288970289,2,4.25803444224983
179,24.5844620925766,73.8255273243778,3.68602061159548,0.144346639513969,0,0,0,16.2811925944201,1.1511954359691,2638.51,4.13336862212607,NA,0.0596661794341656,0,0,0.880106011497482,0,0.153521482081006,2.67389155380596,0.131869711313057,0,0,0,3.7212812109526
180,24.5095767114535,75.1578033494866,3.49310808556488,0.59553849697113,0,0,0,62.4254708370715,4.27379300817966,8388.05,7.67973250614349,NA,0,0,0,0.0931246454810573,0,0.483856598279214,48.840369885005,1.01217051751662,0.0618795638886425,0.383569246376786,0,4.06244317963071
181,24.507191202454,75.2424037973147,3.48717179916203,5.10869979858398,0,0,0,1215.84690981614,83.6705957753175,8388.05,17.5862501582625,NA,0,0,0.654647349845432,0.100184714949564,0,0.189241880238517,432.578555949704,0.529019154704526,0.402243475623025,0.24463350199375,55,4.09318779921427
182,24.5052326957588,75.3190947615397,3.48826851977095,3.1530933380127,0,0,0.000864487685595774,2535.30690098222,173.385705899067,8388.05,33.7538256130477,NA,0,0,0.892627130976146,0.049401226654857,0,0.0440816307608565,629.652616690664,0,0.554091854941846,0.356451838754144,64,4.12279477620558
183,24.503591416248,75.3886734019424,3.4930764541602,4.84783506393433,0,0,0.00297602189303636,1990.21382897012,136.025552282439,6097.58481519577,28.3770815124891,0.051224810236597,0,0,0.784061900698601,0,0,0.191525231195825,476.377531320982,42.2011319589261,0.505851928253665,0.281394492811114,91,4.15132839878363
184,24.5021779500476,75.451839068037,3.49982724516617,6.20361566543579,0,0,0,3062.01204274553,207.640047842989,4926.47516370393,13.5603098508871,NA,0,0,0.65010796281796,0.00137631335287576,0,0.260999974203212,367.395156806478,59.4592851662675,0.44227825597326,0.290852371622333,108,4.17884785521931
185,24.5009202153282,75.5092093562503,3.50733339617532,23.5496711730957,0,0,0.0012117399951284,5613.05909010436,364.736715834237,4910.5839729535,6.5138821741833,0.0349785720262534,0.00828134485823596,0,0.67422772850951,0.0759759193874095,0.170328365041834,0.125114345018489,257.105428618622,0,0.366667602699606,0.159232190657998,92,4.20540768327302
186,24.4997608513444,75.561332968651,3.5148206957711,25.3398914337158,0,0,0.00352336229319277,3179.12390113582,196.345051331603,4799.14913224925,1.38280508635415,NA,0.0239605023306302,0,0.000623575506627144,0.187697928037334,0.459762493905798,0.205493704909226,78.085961299596,0,0.147226595177319,0.102987780898724,3,4.2310582032135
187,24.504681800086,75.1367287352237,3.50011150372498,1.2509251832962,0,0,0,1044.75144236879,71.0715469585413,8388.05,14.2607821563737,NA,0,0,0.618658299217576,0.343326163886844,0,0.109757503755247,255.270916104912,1.00006769487983,0.235976483095458,0.263755442574595,29,4.06487358898482
188,24.5022431169838,75.219615838339,3.49285217179964,6.32091379165649,0,0.36625927593223,0,2858.22034893066,193.805219013745,8388.05,26.9096334529618,NA,0,0,0.999993012420958,6.98757904178733e-06,0,0.0826136729876315,681.545796330288,0.172528045563841,0.570720010873721,0.362401516697772,47,4.09493655342972
189,24.5002284950563,75.2950650964103,3.49402005946397,5.05730056762695,0,2.42004377257698,0.000975406780497785,1734.69905205212,114.637482720028,8388.05,52.908080674244,NA,0,0,0.881789074777952,0.0423236220877499,0,0.0863785850345277,610.827644699629,0,0.542993209936906,0.358401413259863,42,4.1239448750222
190,24.4985371827466,75.3637869257211,3.50081092098533,4.48314523696899,0,0,0.00323498741686124,1878.44566464079,127.668971922685,6998.0209554928,30.6012463389513,0.052437512663159,0,0,0.879732899780137,0,0,0.196313140600346,522.21244502538,49.7264370827139,0.512781539137641,0.324858009872859,29,4.15195050095554
191,24.4970858200666,75.4264117248714,3.51068878748382,6.66515970230103,0,0.825042451854688,0.0134246512504168,3658.96241928233,250.917790334083,4756.72496276555,12.2325243725368,0.0502741714932518,0,0,0.890744437413628,0,0,0.252844411604383,430.148297189375,139.4617216186,0.518686834078915,0.29143767272541,34,4.17900256063374
192,24.4996222979281,75.122945358822,3.51387483910284,2.71673846244812,0,0,0,1052.24796603451,71.9616045659056,8388.05,6.89136507899936,NA,0,0,0.725437402016958,0,0,0.0789628235774457,312.857155569113,1.49657743813508,0.247201901381916,0.379216022235105,70,4.06923413246547
193,24.4972124446381,75.2034147746597,3.50739073444087,4.22930479049683,0,0.106005117412117,0,2031.1680955227,137.948000604111,8388.05,37.7321143620851,NA,0,0,0.883399799577654,0.101541063880028,0,0.0359295080801552,698.170651741972,0,0.53754398766958,0.383624627733011,62,4.09847266577688
194,24.4952079690593,75.2770022078323,3.50560329367106,5.52824115753174,0,1.10769183408039,0,1973.17477118213,131.206254698,8388.05,55.0149620906598,NA,0,0,0.887241273156114,0.0460792882518861,0,0.0654416549630097,542.166657619946,0,0.516955902705586,0.297008637772145,26,4.12675421462389
195,24.4935192837317,75.3443179187405,3.51154314129433,4.97778797149658,0,0,0,1942.52906243576,133.143522744213,4729.06763397954,37.3051952911378,0.0448997693344058,0,0,0.884285601787489,0,0,0.111851044210521,562.232088800275,7.56709511696461,0.53530252095022,0.313353704167552,63,4.15411656904407
196,24.4920876906032,75.1932924930222,3.52561510156186,7.09124851226807,0,0,0,2189.23925755905,147.164136723086,8388.05,48.1191462395944,NA,0,0,0.927940702860414,0.0177512903707839,0,0.0364853173644637,638.590127335191,0,0.536751899118121,0.366088111187937,33,4.1036687096927
197,24.490152541303,75.264490004733,3.52059423578787,6.96987295150757,0,0,0,2218.38931480267,148.628269168725,5140.72872318141,28.52760319152,0.0466132540399723,0,0,0.980921304298217,0,0,0.0194242833606137,575.635026507065,0,0.552380379193505,0.318211046753381,82,4.13111406976467
198,24.4885146814113,75.3299233877379,3.52478476390217,14.4751787185669,0.00527469064933391,0.554456302409101,0.0025326303142762,3001.53824356037,197.305464041454,2964.89202449838,43.8791933562389,0.0166909743028708,0,0,0.874586499588294,0,0.0954606149681013,0.0193423009295042,713.797402201488,0,0.542594893703409,0.224735539290208,44,4.15773322834236
199,24.4850563452688,75.2570605939449,3.54459056527171,13.1470899581909,0,10.1008441268027,0.00854654100065969,3035.07599866315,201.741751814261,3018.37743910298,25.0846847987477,0.0472218961763958,0,0,0.91414027326318,0,0,0.114091502725466,609.210960946262,0.971455454311716,0.500629235577321,0.338194417027598,64,4.13690466427401
200,24.9501979274961,77.6193929098485,3.38193642868438,9.34912395477295,0,0,0,2521.04272604402,170.068711760594,3727.60127404971,0,NA,0,0,0.74188393764738,0,0,0.213041512040439,447.689573796453,9.23844757211215,0.522729272316818,0.0934294871794872,69,4.47654635699168
201,24.8455500481543,77.3363627503278,3.41580231595226,17.7860088348389,0,0,0.00139021698910562,3869.13476459043,256.562555150066,3713.55500840326,0,0.0383953964468858,0,0,0.95584596122309,0.00491420348528774,0,0.0143696246944111,589.937745768115,7.6377625516309,0.524550757582325,0.087586423992674,29,4.43114599356102
202,24.8836086172212,77.4189465123466,3.40250788305355,12.5268611907959,0,0,0,3004.52041403063,201.053096409966,2891.73864697654,0,NA,0,0,0.908880196609295,0.00723946071703229,0,0.0749830872158455,600.966664667841,8.07296330949422,0.550068281427007,0.0973264358190829,78,4.44227244175789
203,24.7952318669018,77.1641684339094,3.42760760787188,8.93290710449219,0,0,0.0212940655470537,3659.74058373029,247.563462560569,3941.5975028829,0,0.0850476524669665,0,0,0.990803182179844,0,0,0.00472054193608845,610.787272011351,7.54802095673196,0.513506814424798,0.106508896196396,71,4.3956905750033
204,24.8256113343213,77.2299635529604,3.41798289192927,8.51951599121094,0,0.181855451557376,0.00405905494102139,3188.31091811139,213.268746786401,2980.98572834634,0,0.0416766251981619,0,0,0.95862090482958,0,0,0.0666770276132834,616.21521554879,0,0.535262593989693,0.118292911721005,62,4.40811043907347
205,24.6866401790189,76.8614335965393,3.45955938114118,8.84295177459717,0,0,0,4930.98267117843,330.575252895291,4119.89112878119,0,0.0378710122634867,0,0,1,0,0,0,508.777617921665,5.14988162790783,0.532522330981798,0.101379314239891,90,4.33496325842315
206,24.7203339099168,76.93100681894,3.44212417258459,10.6178731918335,0,0,0,3831.76100990683,260.808078368435,4634.80885089718,0,NA,0,0,1,0,0,0.00196379126976352,536.137974339364,1.78197942331521,0.571602225676768,0.0659526015295246,158,4.34723909877065
207,24.7506221175594,76.9964157796369,3.43375743131932,9.59208869934082,0,0,0.00149104463705428,3612.44768404956,245.086597898002,4304.34277194616,0,0.0658572905902577,0,0,0.945303312392456,0,0,0.0570662802975829,498.309567041884,4.22455543169981,0.527186793818752,0.114241252445684,119,4.36034591885966
208,24.7757674214334,77.0519349168259,3.42712319683869,7.4897780418396,0.00573132192919684,0.23752562147272,0.0134887583240657,2779.28564192121,185.474230322392,2654.98737078081,0,0.0556621701764602,0,0,0.857350244900754,0,0,0.128388008985471,560.412649038486,0,0.526301303179858,0.135934628685316,36,4.37413067050978
209,24.6262118942658,76.652028964019,3.46062320224315,19.3492469787598,0.00303287237693089,2.89308539956839,0.0102507010584422,3249.60217855261,211.414836955556,2969.30572136067,0,NA,0,0,0.492048348816876,0.245745549103497,0.262206102079627,0,497.863496176677,2.08104488528664,0.457690485551373,0.0511357855107855,28,4.28401868915179
210,24.6572060193019,76.7137685134044,3.44861949844735,11.7905769348145,0.00166217284736719,0,0,4380.28141902456,294.059402941011,3023.13720013376,0,0.023634766894696,0,0,0.982895498673889,0.00201932703187259,0.0102131707384209,0.0321098893236406,508.948987105652,0,0.531967456641302,0.057247146666043,96,4.29681946774015
211,24.6860767153659,76.7756303574793,3.43928064043933,7.05936622619629,0.00214937595258457,0,0,3159.83894720263,215.5944561941,3555.63318979695,0,0.0581547196549671,0,0,0.868848877453502,0,0,0.110187182800948,528.828323921517,0.636882883893989,0.498570938801621,0.089197766818784,110,4.31060479123842
212,24.7117866345261,76.833522920773,3.4325374481047,12.5281896591187,0.000884952693714714,0,0.00307362492055277,3027.15668254587,205.51014986925,3065.78874692436,0,0.0470104687284886,0,0,0.880017667182242,0,0.00183219958000305,0.0919569568542803,490.514456856485,1.73068469263951,0.543813369805172,0.105043819610244,109,4.32519145689872
213,24.7331878662762,76.8832209623166,3.43032399812349,19.3722705841064,0,16.5512237392886,0.00220429533211957,5779.11589022962,373.086309111872,2607.53,0,0.0159981233476698,0,0,0.724652709890811,0.0232527214367767,0.137851821625634,0.11351641496751,555.643222422673,0,0.546946203492586,0.146642112337048,60,4.34041514796685
214,24.6041778910935,76.5060642770759,3.45230000911619,4.20231628417969,0.0128192548245747,4.10691460043078,0.0374597691838785,1148.79768813939,73.1604702906265,3043.23963499804,0,NA,0,0,0.160666646971963,0.690292476743902,0.103418119769209,0,161.65868071275,0,0.166275755023107,0.0400973209796739,7,4.24432047035094
215,24.6312553112779,76.5637167269912,3.43961016139383,15.8626890182495,0,0,0,2506.6721990573,158.01753598179,3056.19077499202,0,NA,0,0,0.234536699729465,0.390631600941194,0.324135528030788,0.0398546832708974,329.431650034991,0,0.322008719597329,0.0733556311921696,21,4.25876532386347
216,24.6562359830318,76.6211440732851,3.43127886089323,16.4485931396484,0.00031869213383407,0,0,2934.14563271981,190.769975356629,3071.52135110903,0,0.0243166383869148,0,0,0.646059716613446,0.19570426028273,0.106572064530203,0.0594032120125348,423.04933980863,0,0.451244507660538,0.0968570352608847,88,4.27416495632221
217,24.6783935739128,76.6750127014065,3.42700220503969,14.601131439209,0.000433914352779308,0,0,3555.56397007119,236.860024325667,2946.70135086981,1.69481284744379,0.0651701802238884,0,0,0.995924052560842,0,0.0040759474391579,0.0053190900686572,543.116231220192,0,0.545133002594433,0.0913201409392935,115,4.29032126026596
218,24.6969626308055,76.7220986625669,3.42738759574054,28.7075119018555,0,23.6750319762759,0.0074913593491365,4413.11415132469,277.472803267012,2607.53,24.9607101967079,NA,0,0,0.606753372672035,0,0.393246627327965,0,727.592586620233,0,0.552057447709747,0.133393816278645,34,4.30705926583707
219,24.5852497187603,76.3554634085097,3.43795295185988,7.07699298858643,0.042993331570824,2.26055229312034,0,537.343975822145,33.5205010981549,3036.04879283507,0,NA,0,0,0,0.658846104106101,0.146699876604197,0,169.295437772918,0,0.134896335268977,0.0684897317188984,0,4.20468684148043
220,24.6089594173404,76.4116895152919,3.42374936557067,23.0925521850586,0.00382730728628871,1.6814112047285,0,3367.01314145311,213.768531292808,3044.51,0,NA,0,0,0.510873787405486,0.0748007385620848,0.414325474032429,0,500.77054671808,0,0.40979814700707,0.0557161964193214,43,4.22090462154065
221,24.6307051086208,76.4675161903959,3.41634254985591,39.0260009765625,0,4.48233839686035,0.0135150897673966,2750.45129505304,170.557324947262,3056.63997578545,13.9137921105672,NA,0,0,0.139771196337749,0.158563735545993,0.701665068116259,0.00879415022348136,532.463856157814,0,0.438468604704828,0.093062301490038,9,4.23802857053186
222,24.6499829839229,76.5201656711642,3.41505986601781,19.1613159179688,0,2.51766160314257,0.00186570316831741,3302.04440387356,221.367769355116,3038.72941003607,39.8511637273799,0.0557795303003893,0,0,0.912759930086838,0,0.0872400699131619,0.0113173749394552,540.243824073816,0,0.522270262745509,0.0939243926956396,72,4.25584633213915
223,24.6662765407418,76.5670879534724,3.41772220473583,13.2490901947021,0,0.162017999159643,0.00182773840304598,4567.08955571278,297.625203286456,2612.38888545999,38.0899839900485,0.0343473470183563,0,0,0.934677367548028,0,0.0592246841636336,0.017301081457563,549.380921630997,0,0.548554119818071,0.100915543351312,114,4.2741735506393
224,24.6791467143452,76.606195434196,3.42399798432378,6.9083399772644,0,0.476121799672426,0.00685902557756988,1962.13436586449,133.30798782465,2610.34237135162,18.8492918728078,0.0257531596275469,0,0,0.944949068485023,0,0,0.0666787659720142,553.152428434742,0,0.520203929204043,0.17041884460831,21,4.29285195514562
225,24.499163913703,76.0509500855219,3.52613376206175,22.626163482666,0.00240500289185139,0.0684862593169908,0.0331292398721217,3793.42634814553,240.670775910195,2181.58705568791,0,0.0228674260021985,0.0222964107794442,0,0.847431953091815,0,0.0893625134363888,0.0676786053174688,509.515752786753,33.4045963174556,0.514375044116533,0.0191627816627817,40,4.11865574012112
226,24.5238694976298,76.0944293255418,3.49334971421303,31.3831310272217,0.00681023255195373,0,0.0485534578869693,2428.97890442834,153.356100663619,2165.35269422427,0,NA,0,0,0.376046383048383,0.147290358940436,0.382784664614494,0.0266969033434994,477.360511917456,1.87890062038263,0.371419442127667,0.0381368359309536,10,4.13256749237186
227,24.5473670563334,76.1451804326575,3.46234152606907,1.00095617771149,0,0,0.0621856007743337,125.03801221403,7.94568503216638,2666.38159778977,0,NA,0,0,0,0.660291187567583,0.0617229509016602,0,70.1224436229873,0,0.0564899171236413,0.0364361461583684,0,4.14820615326734
228,24.5695755446732,76.200524643033,3.43354813545845,30.7658081054688,0.0545122166359842,295.006286166222,0.00554375565508924,4776.00867811465,284.604719626357,3201.67198200368,1.68730744645932,NA,0.00054179980636645,0,0.00456740563287471,0.281977915898649,0.496732440091584,0,430.125297498407,0,0.282907757820044,0.0437722633646547,0,4.16523793556141
229,24.5902992263202,76.2578281896484,3.41352268201222,33.0788307189941,0.0190576434560946,2.7371605117906,0.0618416685441649,7962.17166051148,490.917043104549,3044.51,41.0890689424827,NA,0,0,0.49928924024899,0,0.50071075975101,0.0121364914321814,575.765221916845,0,0.548043403756648,0.114995266069175,114,4.18336495881413
230,24.6092482155986,76.314548412732,3.40585870565722,16.5199222564697,0.00477568140529923,0,0,4090.99043794276,265.248754722516,3045.72873337242,48.7108797309438,NA,0,0,0.884757952823993,0,0.0985378469640846,0.0324685113857921,558.988869099411,0,0.532760751846443,0.0843738030118143,92,4.20232632152826
231,24.6260750125253,76.3683142535265,3.40918762094321,6.89715528488159,0,1.86334787490553,0.0010866461488721,1889.3257952144,124.106938840323,3066.95734963331,44.3055883114268,0.0899345052000092,0,0,0.616799162958525,0,0,0.216599759364214,500.846151369271,31.7960799595948,0.50140275312175,0.0819780499207583,45,4.22189699869049
232,24.6404261780956,76.4170429903065,3.40635748415483,5.59337377548218,0,5.13665212509444,0.00160933827683557,3394.90317544009,225.801289148777,2970.20462336989,19.565613335791,0.0348813705812792,0,0,0.852087301072024,0.0233082915374841,0,0.0989577156841465,494.277288178367,21.4640284135242,0.562079520423322,0.114006855397223,39,4.24188537883954
233,24.6520027509181,76.4590768804412,3.41672350314521,10.594895362854,0,0,0,2268.77764134519,150.505537668571,2676.23814859593,11.5371535218082,NA,0,0,0.986232840917534,0,0,0.0304888299088442,489.820693183305,0.796855150679212,0.592180092461261,0.132335054532475,44,4.26213007163789
234,24.6662321078522,76.5192338812276,3.43422284275539,14.6151704788208,0,6.75379033642001,0.00235178689171643,4134.91627595178,266.576713146565,2585.89153612526,7.72851893236876,0.0583637518985377,0.0502850311595466,0,0.121540244299741,0,0.488931400087645,0.283766233565339,403.914785391468,38.2925879436615,0.465631760499408,0.0952761247515712,37,4.30287312744932
235,24.4954322731454,75.8780809077432,3.51682741559042,39.1670989990234,4.47245583006824e-05,6.10207595989413,0.023279692922885,4664.60955003654,277.59204218739,1728.38891080304,0,NA,0.00094746535599622,0,0.382343807798907,0,0.616704207438485,0.0682025720073152,691.708454598693,16.3943767413948,0.507917037493144,0.0531808212363768,27,4.07301858059498
236,24.5172455384105,75.9267578018038,3.48428794685621,48.9112014770508,0.010437425264869,0.259750432917812,0.00941518995205514,3995.32807770677,235.42783278041,1449.86,0,NA,0,0,0.0529266058162992,0.0655925167919143,0.79461450970932,0.0616572141275765,729.389203953104,0,0.418964223593559,0.0111039038122371,13,4.08913401573084
237,24.5378277472959,75.9821324818187,3.44629028886736,7.15290689468384,0.00813938480133465,0,0.186800874744481,887.32813898825,50.1140129898989,1781.85224026947,16.995121277673,NA,0,0,0,0.682449468640276,0.305041855252701,0.00184836889969118,144.015124173812,0,0.136316476308933,0.0392547126457097,0,4.10696041083314
238,24.5571654446595,76.041470756125,3.41095791731676,31.4011421203613,0.000175135341397687,378.867743062921,0.0124376548500413,4048.84840144178,248.03236278609,3105.05888935113,74.5397452434699,NA,0.0170042666641962,0,0.244598525600619,0.185014332151015,0.532066733687619,0.0151965020959813,516.456697942751,0,0.373184665750963,0.0730016509201777,50,4.12612487180009
239,24.5751444882287,76.1022303268538,3.38758281057378,30.9178485870361,0.00529803553933979,19.9098065501207,0.427036196312718,7657.6029293496,463.457226490566,3079.91959484585,47.6486604777591,NA,0,0,0.386185876991158,0,0.569465410739275,0.0228266767889254,689.436782363229,0,0.574173320821895,0.0864062029011186,51,4.14630219451249
240,24.5915720400378,76.162087199711,3.38114432495035,4.99066591262817,0.00348834864206731,0,0,2745.19359029576,183.638880830151,3044.51,52.5932937470123,0.0346176008687701,0,0,0.833277457049914,0,0,0.182519026897174,489.773138877866,3.43304772228406,0.544885513292441,0.109646009819049,96,4.16721394273745
241,24.6062083776581,76.2189790701704,3.3892086684048,7.17980623245239,0,0,0,2611.10930526655,177.131881816023,3044.97972357339,26.9470797774082,0.1181307680897,0,0,0.882553237084127,0,0,0.161461506991811,493.491536552522,15.4610052401186,0.511952396604487,0.0954782043791125,141,4.18862526630407
242,24.6188065797557,76.2711668868419,3.40503615230589,7.62192010879517,0,0,0,2357.81608695698,160.863112668739,3063.71627327174,15.5569519640594,0.0666261772025271,0,0,0.93570813162143,0,0,0.0439699622142566,536.643875136989,9.68479286008665,0.534579505421604,0.0908917399028243,131,4.21034052655688
243,24.6291553202959,76.3173043037966,3.4225478511312,10.0441904067993,0,0,0,2627.58189716909,175.772189584008,2964.43539852944,16.5324429239524,NA,0,0,0.975203243886986,0,0,0.0345480108768595,475.740120230679,2.15860204864271,0.578748135138473,0.11186941583457,192,4.23219847898071
244,24.6371174434967,76.3564955242446,3.4223758570242,10.9624366760254,0,0,0,2186.2026092631,142.086800604258,2668.92760191305,8.67209699787658,0.0417940994011838,0,0,0.680842252338746,0,0.0922052057397182,0.228635118360511,448.763725229757,14.6177027818288,0.533948339720733,0.116604708581395,99,4.25406749417023
245,24.6426563534183,76.388319850111,3.43320505223606,3.55798053741455,0,0,0,1248.68342816714,81.4142967529495,2835.88185664358,5.52241677226126,0.103860428703988,0.0400177807670578,0,0.182811378186143,0,0.0837617515010011,0.69822204611137,490.017685404009,172.939658262478,0.483736302640728,0.119926112293424,60,4.27584109554306
246,24.4747342632302,75.6458189868165,3.56944062736076,6.0652928352356,0.0274069261076796,0,0.0341085934756548,1741.88109190679,110.348919461121,2146.80995585618,14.2376196086319,0.0172320922693446,0.0116382427391401,0,0.200133123552422,0,0.0492086179207797,0.534723999469523,559.101520192892,185.810420382037,0.519632750575008,0.0436289900575615,12,4.0108074241721
247,24.4948923354082,75.693435521253,3.51589990841251,30.9490432739258,0.000455473752059231,0.23154264606775,0.00469203802926094,5075.50445335152,315.163942861576,1600.38691746756,30.7542089672428,NA,0,0,0.202865045776198,0,0.603711583627258,0.171643117676674,746.572556575824,9.48527035944628,0.524196522815588,0.00878010878010877,34,4.02725263440227
248,24.5137261514374,75.7501422326181,3.47937167769203,55.9812660217285,0.00604798838263095,5.7684573539258,0.0629039142881592,7235.28573348054,438.804184948126,1466.08130059153,53.4158929578113,NA,0,0,0.0359492940646924,0.00201960134979425,0.943422656748479,0.0288388087115038,930.743969680805,0,0.499165005836784,0.028341218966219,3,4.04582859982995
249,24.5313917624963,75.8128010463394,3.4364058546708,6.46453428268433,0.0121292991569509,0.241391665989376,0.0482922148222523,1366.85744575875,83.0242784941166,1457.11266003369,115.096857449976,NA,0,0,0.00030847942393816,0.543912125740229,0.414421091481958,0.00120340254532582,281.431417518129,0,0.219172765146825,0.0442152665869184,0,4.06606058100972
250,24.5479326072894,75.8786112068741,3.3965555845189,11.9155368804932,0.0005914208837685,4.68732894474169,0.00375565073977191,5865.38095036719,383.743399495657,2984.32144035439,39.7686957022036,NA,0,0,0.641991436165578,0.164399695714333,0.12837405395888,0.0425353049075912,511.714452760124,0.399327486700521,0.443059421607693,0.0548414047372381,65,4.08753618780907
251,24.5632962340407,75.9451066927028,3.3709483374813,21.3654289245605,0.00017169524804718,638.394327276736,0.258435543360927,6313.24417006631,387.558214662875,3185.25926817998,53.0507813399002,NA,0,0,0.170532667419282,0.141503725891312,0.678325814654614,0.0247885801578668,610.373507391038,0.823146330859858,0.488961748632598,0.110963695902312,23,4.10990520983324
252,24.5773578044945,76.0101501796546,3.36542502500404,5.3458685874939,0,0,0,1204.13302075484,83.2451913537099,3051.4154324218,43.1646826652552,0.0616456222256737,0,0,0.39829516996981,0.320374766140841,0,0.236652530354344,470.510814872508,5.30496732030513,0.369358758911703,0.0918485459829706,40,4.13287551952556
253,24.5899490643091,76.0719357854275,3.37674569964905,8.84347248077393,0,0,0,6772.81742176227,453.577585554462,3044.51,15.0951121790266,0.0596006496908942,0,0,0.935683277843607,0,0,0.135903364885233,639.793110808975,1.25595514227733,0.508887390828135,0.122895778170694,59,4.1562069358813
254,24.6008906952931,76.1290035302602,3.38476959604175,4.63042736053467,0,0,0,2138.08245379099,147.248527054054,3045.37581996281,12.4147277455583,0.0448336136271958,0,0,0.998682892993484,0,0,0.00610264011693383,448.579749115498,0.680299398153594,0.515226702957064,0.100292031980972,107,4.17970435561212
255,24.6100247221206,76.1802598557883,3.39863494913338,3.76887512207031,0,0,0,1455.53475156762,98.6161257554038,3061.48341247215,8.55313077148792,0.0896660032587644,0,0,0.836140759519856,0,0,0.193019418479329,403.60460317688,1.10172827764184,0.485905682610534,0.11873148262185,91,4.2032109636921
256,24.6172426091675,76.2249928156414,3.41081216326283,3.41970324516296,0,0,0,433.994601038559,28.5652678811376,3067.12748693753,4.77251435435573,0.136342813745687,0.0402068310313442,0,0.35530195598825,0,2.54989731817916e-05,0.507748254568148,340.539798897356,18.7175159865194,0.411148627969115,0.118467934365752,62,4.22660196955259
257,24.6225046624738,76.2628695445453,3.42063348124065,0.925819516181946,0,0,0,7.51990226078358,0.567025641598649,3072.69,8.00243430820759,NA,0.00287120755545624,0,0.000842572562637075,0,0.0272947234067656,0.859633439127175,480.998470037326,121.453638063138,0.490220005698702,0.0978234124644095,16,4.24977907072693
258,24.6258477892606,76.2939078063187,3.42828912929101,0.265850871801376,0,0,0,22.4716895567699,1.56693408703876,3072.69,8.34100496670638,NA,0,0,0,0,0,0.976524494137264,454.017572359338,114.334013316943,0.510708837523385,0.164767695904471,30,4.27266569579903
259,24.4976243953516,75.4970583640826,3.51965534359323,26.9301414489746,0.0022599510804618,0,0.0107261108999305,8751.02662050185,550.260349568122,1606.3521270365,34.9590035070746,0.0272022760151948,0,0,0.297901570648077,0,0.478973890090584,0.263659130332581,650.896073511911,39.4108831418513,0.537447852020119,0.0401860018636334,15,3.98155263093443
260,24.5133117695069,75.5649418299121,3.48195695652264,66.5028533935547,0.00649497245594777,2.99999999999784,0.0117254030563773,8106.63699945451,484.184111434049,1449.86,70.7171191301643,NA,0,0,0.0573377755017066,0,0.926604765837547,0.0398456536000834,923.523023592901,13.1208672540565,0.517827987342702,0.0324242915649165,0,4.00287115582725
261,24.5279798186417,75.6377015982976,3.43817020745725,26.5992393493652,0.00075481664457437,0.0102250640891866,0.00463856488081173,4140.04620404487,257.250614395433,1823.22763743755,87.2053699304601,NA,0,0,0.307762266777113,0,0.660314645831759,0.0162907292634661,645.405030134173,5.59234921633528,0.464404942325554,0.052007148140533,15,4.02573833719118
262,24.5417151891903,75.7124791978426,3.3978690915832,13.8928890228271,0.00102343446432952,4.81915959635197,0.00595872096556827,4505.2925425772,300.857337907098,3232.61,28.3371860656635,NA,0,0,0.887236803053854,0,0.00170740161337533,0.0702394421719795,532.411688859353,6.91943882949418,0.557946040029624,0.0744210144759595,106,4.04970482834205
263,24.5545068814645,75.7868972943099,3.37203983711066,9.39084339141846,0,48.3846076630425,0.00156623169632349,4720.13774148325,314.160036391808,3232.61,35.6160809923638,NA,0,0,0.737490258549505,0.0619346963148665,0.0908998056323871,0.0343716544814329,541.050848002033,1.99785949992806,0.480706920868558,0.102866695775254,67,4.07440066606
264,24.5662725726433,75.859007907905,3.36640694208991,7.87924003601074,0,0,0,1963.40691038354,131.970975809911,3084.60721377236,31.4619101369484,0.0575040698579726,0,0,0.698782902581216,0.238564960825549,0.00111255007668609,0.0649244411094778,460.640419922464,2.29587967203433,0.415586390913709,0.136793386769205,51,4.09952643668517
265,24.5768868051545,75.9272504398365,3.37231650840397,10.1508016586304,0,0,0,3329.91906596057,221.373996716147,3044.51,13.3426515504478,NA,0,0,0.967047975434772,0.00359224958241756,0,0.0319991031154622,537.963041423627,0,0.533112203589973,0.124020328022636,64,4.12484316581303
266,24.5862092877973,75.990423781547,3.38567093730287,5.09877490997314,0,1.08292791020423,0.00128770999945801,1552.35859098535,104.687665133798,3044.51,7.95145580738991,NA,0,0,0.989058197137284,0.00568927994519691,0,0.0654399110993741,398.539064047921,12.9438046237064,0.551199278338186,0.113353073500023,108,4.15016237101701
267,24.5941112195542,76.047668986225,3.40001319628476,1.73860812187195,0,2.47083269840431,0.00655028150134613,666.803304344485,45.3310152508481,3044.56070668058,6.2928168202765,0.115198528525706,0.0302884687858997,0,0.333138730050252,0,0,0.596115763690723,271.798827971485,4.24824282190428,0.404407168020471,0.149155655015602,60,4.17533702151777
268,24.6004972034331,76.0984546739038,3.41278414585649,1.99730587005615,0,0,0,93.4980045955889,6.38295784606008,3052.9686143198,4.81377897474852,0.0456697431163704,0.0109761075445413,0,0.0220383470788352,0,0.0111913281452024,0.861341910240673,201.648918057003,12.2684816448724,0.299096325904329,0.106906102353151,11,4.20025370372371
269,24.6053204500082,76.1425566875672,3.42319324422924,16.1398429870605,0,0,0,4221.45283971724,266.565882053628,3070.87358033138,6.9963019072251,NA,0,0,0.515739756452482,0,0.184299043057839,0.57986991991121,295.491759263427,15.1260102050033,0.406769741237103,0.152135623798408,0,4.22482603488546
270,24.6085898120839,76.1800260757464,3.43134633663569,2.27866101264954,0,0,0,194.073449925318,12.6440993592509,3072.69,6.48277451053804,NA,0,0,0.0214330184848187,0,0,0.91400194811997,286.350402681352,34.0701211361812,0.393246861931339,0.0821997258265446,7,4.24898923552925
271,24.490288997233,75.2137877217279,3.59892560319732,5.70630168914795,0.00817306224257209,0,0.0152044608467629,1668.63108327922,109.826393728877,2930.64533731323,12.2058403902798,0.0831167077673794,0,0,0.723076375312161,0,0.0151058091807758,0.267164836956298,364.455100500883,42.8783052457281,0.462690942205251,0.0343225351037851,35,3.91379001821265
272,24.5036086141289,75.2894055647982,3.52892929506149,19.2169322967529,0.00211302874035333,0,0.00780465503263521,5113.15317813069,315.977882612907,1462.38273357654,20.9111152058873,0.0301531804509427,0,0,0.728514554788438,0.0247597352064369,0.020181613733174,0.213111677205701,501.834113213505,19.97413573697,0.480156469382864,0.0292046570579179,65,3.93618889310165
273,24.5159058914577,75.37192490677,3.49295226828989,31.5555305480957,0.0234589561744755,2.0210215802007,0.00678562451264298,4759.12813408121,300.734366725332,1795.53105491391,43.906508044362,0.0176866544361917,0,0,0.684948497130602,0,0.221127438669963,0.0618943425662995,774.244216167539,8.20458542162728,0.501134433859317,0.0555810827218513,48,3.96055133826212
274,24.5274273648046,75.4577297712019,3.45240415716015,19.2007236480713,0.000630530057099421,0,0,5227.58201598125,339.03318701693,2613.93948080313,39.750868734754,0.0288559708951383,0,0,0.77069154655937,0,0.200244996826118,0.0199591097279267,673.015619199931,3.90715627171654,0.539121811201779,0.061938698255522,65,3.98628646516683
275,24.5382850127692,75.5439538903253,3.40814582118209,9.69644451141357,0,0,0,3538.57006913948,240.918502698052,3232.59776369934,21.0302485877658,0.0247968232329229,0,0,0.953057649954274,0,0,0.0443490555254412,449.420399973082,0.322518644443578,0.569920259608523,0.105299484979316,93,4.01291520350431
276,24.5484873509961,75.6283625803795,3.38713947190179,10.3014430999756,0,0,0,2647.36080317815,180.213076226036,3232.61,18.1066934643271,0.0435902751734082,0,0,0.925273829320234,0,0,0.0700445113971452,495.543394396375,0.402262717762425,0.535227372911821,0.109298902456885,75,4.04005721964685
277,24.5579704775249,75.7092400588492,3.38130406938062,8.03506946563721,0,0.0858104495814768,0,3424.62586996956,232.803688016862,3203.72504994066,15.3650447192163,0.035467900701631,0,0,0.807318759452519,0,0,0.116273415464463,491.147773617488,10.6887886342349,0.49087324288902,0.130614670596004,62,4.06741546426959
278,24.5666272642244,75.785298242295,3.38846678603024,3.65292167663574,0,0.231191314190363,0,3168.89861094492,215.966679529988,3113.4528145622,9.92125707840338,NA,0,0,0.77898059982874,0.0628963413175624,0,0.127636853329085,360.892265825039,10.6984059376806,0.466423377642,0.147145988237235,36,4.09476105773818
279,24.5743337283774,75.8556098492544,3.40290862189182,0.542743146419525,0,0.0933672621910858,0.000619290262586578,285.242490554919,18.8353074972966,3044.51,8.1124960400887,0.0785475314908752,0.0145930695730983,0,0.205180522259697,0.40588071719546,0,0.364665173361663,259.927766242023,110.132064551565,0.404051215519727,0.180405696172638,17,4.12191981232287
280,24.5809717160858,75.9195611390203,3.41926656368002,0.935540556907654,0,0.352872129203762,0.0128904657434387,47.163550299993,3.22781722559453,3044.51,3.65402382268915,0.0604785636728725,0.0151613405461598,0,0.0601224843622797,0,0,0.873473052199858,113.570129131506,23.7732628657536,0.202020027676366,0.135037822251451,9,4.14876083549354
281,24.5864469066283,75.9768164409681,3.43436140599633,0.276857495307922,NA,0,NA,0,0,3044.51,2.46886959123894,NA,0,0,0,0,0,0.997237776497076,34.3268361701309,0.437883613557874,0.0288393810896949,0.19422132908244,0,4.17518720236793
282,24.5907012014921,76.0272865937641,3.42790988202185,0.150630369782448,0,0,0,276.398747105919,16.8965564689694,3051.3096349194,-0.204015689527068,NA,0,0,0.147731493562193,0,0,0.761187188922067,44.8416875590492,0,0.0798980981151915,0.101682715432715,0,4.20112847738402
283,24.5034254075678,74.9754386212266,3.59660613587113,5.8414740562439,0,0,0,2224.78032191591,148.545691243812,3346.07868906975,11.3990746860542,0.085081843798768,0,0,0.788929161759412,0.029794421646671,0.00886524962423382,0.138052143914287,344.954595640099,28.4367537284968,0.407051677888277,0.0423405233974468,56,3.86556363012014
284,24.5127099234418,75.0715933328988,3.56892526324778,15.2426586151123,0.00169685738185253,2.90609606796043,0.00360277989226801,1773.23997710497,109.860754332372,1737.58306366678,69.3019234751398,NA,0,0,0.128738771696778,0.0506822078399732,0.274273307096746,0.139744637455177,432.828670688629,27.7754042381904,0.346127210820115,0.0525405894230863,14,3.89153055342571
285,24.5213066903323,75.1724708154205,3.49204954397718,26.8631420135498,0.0108891561978886,9.70074571396661,0.00814599462375464,3909.25420159798,252.32190828349,2787.78343525439,29.459009226663,NA,0,0,0.995253277599162,0,0.00474672240083838,0,640.473824611024,0.000203564826487554,0.524686123871383,0.0513064915601857,82,3.91924524171573
286,24.5294818192382,75.2743156822077,3.46049444520866,9.89762783050537,0.0153251953313132,1.37213663786337,0.00095935465463215,3237.13952526648,216.782385786445,2961.70910220898,27.1307544187383,0.0494751418992022,0,0,0.818244233223109,0,0.0132373676606685,0.139380623699866,613.141757767974,8.73791697456413,0.542963891630952,0.0791722579563125,83,3.94806972450077
287,24.5373478566012,75.3743712478221,3.43257182389355,7.53986883163452,0,0,0,3109.28715749996,209.995178101569,3218.88565198084,13.9252937047649,0.0736413074140299,0,0,0.868691894977116,0,0,0.127027321319429,432.775315458654,0,0.541386530798277,0.095256946984857,92,3.97750940337573
288,24.5449071681913,75.4706555200665,3.41369968087178,11.3089485168457,0,0.38641675312112,0.00056506284390088,3751.6488620778,251.877651036675,3231.10463256537,13.1957561146816,0.0122678382045706,0,0,0.985417769529035,0,0,0.0738595137032159,444.581785122762,0.600731096741332,0.556922790190767,0.114464603353999,72,4.00718834176809
289,24.5520895848777,75.5617725539604,3.40665895772597,11.2668008804321,0,1.53247264329683,0.00156784760324124,3270.18275829866,220.268930370915,3232.61,11.0800377460542,NA,0,0,0.929021035009972,0,0,0.0634107243000641,426.438276282464,2.03732703322985,0.547427297853759,0.120518849192584,81,4.03682527188014
290,24.5587837119605,75.6467696298765,3.41016072730303,5.46910572052002,0,1.15052559292856,0,1305.12380542521,87.2735362426402,3219.45520768161,9.05348469607702,0.0351012950303616,0,0,0.654939025136804,0,0,0.294710820227796,423.805842168865,75.1956055548532,0.516522917684599,0.147986326970017,36,4.06621271729664
291,24.5648623901312,75.72503616408,3.42023190107209,0.147223085165024,0,0,0,151.252624831298,10.0012705801761,3072.12299290701,5.97596128950593,0.092407273904094,0.033479402408702,0,0.146530078491397,0.0506717187799216,0,0.77204309522708,224.641425010602,93.9084126147756,0.350512159492303,0.154620533021154,22,4.09519987926013
292,24.5702028430501,75.7962344740992,3.43275558440917,0.145494133234024,NA,0,NA,0,0,3044.51,1.95125782544651,NA,0,0,0,0,0,0.998502816504892,56.0418546021276,18.3657004112615,0.0786959577407995,0.204935934791704,0,4.12367909035426
293,24.5076120078954,74.5082078832524,3.66865800739196,13.4189777374268,0.167942197557904,0,0.0268290028329995,3271.40591329208,217.64123632932,3179.40565846598,4.86064025481796,0.0123113584424422,0,0,0.785031589420184,0,0.0796427571081138,0.186876654464435,485.30766662499,11.769831597872,0.543858811522558,0.103317392484059,49,3.76619260692491
294,24.5145169957304,74.6090239997667,3.65611102397699,5.16709423065186,0.0961257867615141,0,0.000700138133651048,2312.65842370823,156.685494674877,3289.23589233277,16.4529186602871,NA,1.66605930188292e-05,0,0.497780359789944,0,0.0506123415745607,0.276701514685806,383.43201704192,0,0.461513265600668,0.0697382324271003,25,3.79044768069699
295,24.5199242088684,74.7240051343108,3.61729037637738,9.3381929397583,0,0,0,2941.30421379428,192.315977484854,3309.3989652297,9.24614110556463,0.11894891179664,0.0140356517952965,0,0.835900035521433,0,0.0349851924495284,0.204335285699279,403.326959367445,36.037066906867,0.479883875370766,0.0634764739781462,72,3.81811781590459
296,24.524650059673,74.8457154314584,3.59021181467313,8.9618091583252,0.00315954126455399,8.9486997946635,0,2103.19204177392,137.897990209724,2551.33339845416,28.592114204107,0.0670141319754166,0,0,0.546419977310677,0,0.10891502681787,0.333184272760415,562.566949966285,40.6124073424255,0.484542933220931,0.0550332064068284,57,3.84807312116192
297,24.5291898025237,74.9687987570158,3.55837102088834,10.6610841751099,0.00292610256230106,0.0513002053267999,0,3442.16634674248,232.606733808445,3264.55864012435,12.5097153914376,0.0373789243385386,0,0,0.888903199767335,0,0,0.114708966434458,539.085148345021,0.105718165522722,0.547890595609796,0.0643448479448084,66,3.8794328779226
298,24.5337936087393,75.0895770918377,3.48342275719325,7.02420043945312,0,0,8.63736254874791e-05,3414.1881558463,230.892405604312,3217.42974883522,9.64905580065689,0.0341799415955371,0,0,0.941718738715222,0,0.00201571016752674,0.106543646057067,468.582858802969,7.52498472858723,0.562537488655738,0.0897905204832027,75,3.91153435725666
299,24.5385393103237,75.2056183557253,3.45986624842844,10.0506200790405,0,0,0,3308.26742684779,224.080462041871,3213.34,10.9513332949375,NA,0,0,0.976582209539071,0,0,0.0253650315828104,449.65742160725,0,0.592052043755556,0.0812172477032544,93,3.94389105405325
300,24.5433917606903,75.3153716099814,3.44318172422891,6.83309698104858,0,2.2755903795121,0,2711.44860126362,179.276951094151,3216.92928282755,16.368752051694,NA,0,0,0.825183486225079,0.00759062630782105,0.00940228580874074,0.201632657440598,471.459665777897,0,0.538530964537151,0.0903080714530237,111,3.97615250776858
301,24.5482479396899,75.4178940978346,3.43519819597738,6.17679023742676,0,2.33799286737457,0,1800.84389144272,119.345601057044,3227.8053842251,8.99551936234421,NA,0,0,0.319404514822447,0,0,0.594044836857446,427.522652879347,6.3569385168049,0.551901519719671,0.074821170642658,35,4.00807044986407
302,24.5529702480515,75.5126615542936,3.43523636971711,2.02047634124756,0,0,0,828.784475069946,54.8625479959301,3096.13605235762,6.05937717537007,0.0959380068705137,0.0238563897907727,0,0.323009208981027,0,0,0.659223141020629,337.778709048914,4.67948551197805,0.454098094268772,0.126434795253752,73,4.039472144939
303,24.5574108468863,75.599442766341,3.44079818730351,0.199909046292305,0,0,0,0.633812304430717,0.0421099239198758,3044.80153127895,4.90346360735801,0.0375826929265046,0.0109423053342827,0,0.0109839280525608,0,0,0.916834216121664,139.237166325221,18.7768804449962,0.244602526210719,0.145009831184282,3,4.07024016421182
304,24.5368136904831,74.0531552217498,3.74045001500401,14.5840559005737,0.00526177547343345,0,0.00693584159536433,6310.37389998839,382.951387724748,1698.26951471094,8.0710087105707,0.0690887228289183,0.0225919540928469,0,0.38746033118365,0,0.366012091166898,0.343853373703357,370.00045180143,9.67661610563706,0.449472268138687,0.119376930050007,41,3.6855510412392
305,24.5394784250554,74.1714246912831,3.70774300643068,11.0911264419556,0.00406977164643427,0,0.0569244380501592,5376.34611227473,329.914278820709,1586.74595260833,10.9898958495259,0.0503785053224966,0.0317441473864114,0,0.142435040389313,0,0.407731935480604,0.405402567582535,368.440353170969,42.9190524945065,0.463445251776931,0.110120022891762,27,3.71019159937705
306,24.5398438146586,74.3119858725327,3.68696433722264,5.29087591171265,0.00530425794022912,0,0.0639336850998441,1854.04323100508,120.331918261428,2036.54943460738,13.669585946002,0.121877317023039,0.0612899692931939,0,0.469967270649207,0,0.0597841173465566,0.41393952607082,348.922773339146,29.9945126864304,0.413360284887067,0.0887977837141347,53,3.73960816846903
307,24.5393748099243,74.4627075946863,3.66374579634457,4.29917621612549,0,0,0,1063.72598861857,70.1305371103531,3286.79,15.9244091045085,0.120939187847244,0.00129318238286253,0,0.587506275109933,0,0.0141863522817448,0.426716107147322,436.78198092099,6.97251292857301,0.457568872620244,0.0930657597909443,55,3.77212533638136
308,24.5389667984334,74.6152275791303,3.61267722252168,7.55191993713379,0,0,0,1948.12488710944,133.171204251444,3286.79,11.8832838089973,0.0629703604806112,0,0,0.625398707797931,0,0,0.502367971728198,558.029304207921,4.67255475272326,0.515851017202022,0.0862694574878918,43,3.80646820826419
309,24.539085128187,74.7642061528933,3.58417574701665,7.3602123260498,0,0,0,2163.4006288903,146.168401593815,3286.79,9.3971621403727,0.0115130366348708,0,0,0.568237627752381,0,0.0043395734003504,0.44520057772469,518.321847113667,21.3056087323943,0.531770409373389,0.0779591855899663,31,3.84171340581396
310,24.5399048969958,74.9064521168253,3.55559253299717,5.04833841323853,0.00768052618218974,0,0.00686634052240339,3498.06355812037,232.300841659587,3228.05779377645,7.80050172323519,NA,0,0,0.448133463289209,0,0.0443336063500089,0.455721664829619,430.263153092507,0,0.530922347105675,0.0694539426347462,52,3.87721339802412
311,24.5414201795991,75.0401957686635,3.48571394087175,10.5309076309204,0,0,0.000126677312641768,3437.00312297027,227.834304173567,3213.34,17.303969780378,NA,0,0,0.750341209307581,0,0.0787776480154976,0.210184251730007,555.116793526511,0,0.547326159051603,0.067642171816279,99,3.91252455723577
312,24.5435204496716,75.1645662933215,3.47077255607098,11.1427373886108,0,0,0,2546.24202476434,167.39002875988,3213.34,24.5627274611876,NA,0,0,0.944740008223293,0.0118217687755491,0.0276193145305951,0.0947412077549474,586.915213704655,0,0.519935046281852,0.0641185260121272,60,3.94734914039895
313,24.5487979257939,75.3842489110724,3.45949302080617,1.6438946723938,0,0,0,454.903361603388,28.1354449910297,1684.76885242489,1.84972578538174,0.0595203144454375,0.0716264483725957,0,0.104244813625942,0,0.0364775160592391,0.782415177880673,173.479523470896,0.115654106155682,0.243725193273625,0.0462427220413332,34,4.01482928862574
314,24.5840510796939,73.5018364620007,3.79090547441676,5.4105806350708,0.0010339985023431,5.10163568178312,0.0349064699394377,1832.21428599584,110.135565437527,1787.39985065003,7.69358151772526,0.0937181410011209,0.0233321023287279,0,0.407221468234347,0,0.0323105503008304,0.371298293486861,304.062506398892,72.9951759624494,0.406722578018473,0.0571861009361009,36,3.60014864430212
315,24.5820836446466,73.637203725451,3.75518246910077,23.5130462646484,0.0156115031181355,26.1145728972682,0.0423867212204004,7802.31323262027,465.803229190117,1584.7520407266,7.8529528613131,0.0522035361994931,0.0701077353799601,0,0.559311819753346,0,0.114662308634765,0.339398078033671,375.170326974899,49.0036241680725,0.457134879776501,0.141825708510491,21,3.62408619880824
316,24.5759054739937,73.8115147916831,3.73212370887175,3.82791543006897,0.0401521540508882,0,0.162765916129286,595.058654817182,35.7627017925151,1553.13,12.4175759634707,NA,0.0344687150762802,0,0.00564325674925516,0,0.0428477172437727,0.829101273018367,311.727589557516,121.736439771655,0.414142831262964,0.139006601037851,0,3.65511192328867
317,24.5683313056267,74.0029672294718,3.7093303050453,9.96728229522705,0,0,0.00701646642710956,3073.36590150739,197.742656260679,1558.35947650394,27.63843398747,0.0966792554666732,0,0,0.176378323428352,0,0.257278960877266,0.601033043208174,313.643368726044,71.4716728896115,0.370308417234245,0.14939393216737,6,3.69057451175942
318,24.5610644368169,74.197089411473,3.68544659319329,2.56768107414246,0,0,0,1100.08372794289,70.9104998398979,2222.45923225253,13.3134712193999,0.150804975054793,0,0,0.335571105039062,0,0.0344840530419762,0.697790921111169,307.273933376965,36.1560067189824,0.359462697627656,0.0773266468959578,16,3.72850562178798
319,24.5472417686336,74.7287731130349,3.58276331333776,15.8672657012939,0.023771199025576,0,0.00776304626558517,1989.27422668831,122.566002208838,2019.7985089755,7.00749475137328,0.074316420688194,0,0,0.490555419860216,0,0.0771587048931617,0.465514111821215,422.036987275955,0,0.506981178982257,0.0512020442079966,89,3.84572339782669
320,24.6476856280155,72.9723854238386,3.80343412987413,11.056884765625,0.016322842810083,26.4525674309854,0.267982106084718,4037.41328970024,247.791961222921,1715.63422844941,7.1050321825629,0.0396441956654513,0.011575066209866,0,0.129810750099885,0,0.234254273439527,0.605416520238534,236.195881999224,45.8369649248591,0.286150856007544,0.132781243810656,6,3.53158144116873
321,24.6333443072591,73.1877993692571,3.78243327020683,7.76445865631104,0.00594710797381188,5.88542710278842,0.00895516270713453,4275.15401196751,256.827747992684,1553.13,5.51104195309399,NA,0.168909229000935,0,0.154022319242798,0,0.0655414805077278,0.630448389823153,239.513781927474,79.4469075757559,0.311235436742203,0.138892787382371,1,3.56352955123354
322,24.7203216583289,72.3890270896615,3.80441772943674,11.0227537155151,0.0144352221620085,36.5744199069069,0.131376683773263,3270.71567061063,179.730008295127,1716.25363292818,4.25944601021666,0.0491125215651551,0,0,0.0619570389200254,0,0.173554498096608,0.652776036420233,379.505211319518,118.201003610906,0.463065904845223,0.067897217161923,23,3.46363126279286
323,24.6887637988598,72.7197459481463,3.78905247232463,0.249578252434731,0,0,0.193548387096774,12.4930518678585,0.91264177606109,1553.13,5.2873270735344,0.0969876217943079,0.000296041815216928,0,0.178540610449928,0.109624870201658,0,0.663819043083659,205.706730673606,59.4674380979317,0.30749068403636,0.098943664360331,25,3.50605742653866
324,24.7984806357298,71.7795813179185,3.79513973750497,11.574257850647,0,5.83241356093058,0.00286752360877682,4379.53145923841,278.355838655183,2041.80139205597,6.7541359453205,0.165059363521865,0,0,0.456985597443938,0,0.176058711768469,0.380214062631378,439.566408895257,18.7853473438601,0.451017268150135,0.15973248132339,48,3.39994336175926
325,24.7437710418957,72.2681876220208,3.78449184591816,6.40961360931396,0,0.000853479824169075,0.00187412015739399,1643.6457129922,96.3433312397838,1582.68649190743,8.7976162372247,0.0648764318270327,0.0082439528423015,0,0.031945403260524,0.0499538950301833,0.0653603917991953,0.691217126123279,388.696397399422,81.7373780250836,0.439591147008235,0.059326865944513,22,3.45548835148028
326,24.6958774802435,72.7246040359782,3.77066638512636,4.61410427093506,0,12.0851085840885,0.0036698621182194,1012.08369194878,66.1879069831614,1605.89130914041,10.7228105331652,0.0897781030829239,0.0312435340935367,0,0.353298848711871,0.27601862785586,0.000526444632029737,0.357098199690968,339.070243386578,131.740979588146,0.433040442072203,0.0764290448113978,18,3.51343494985834
327,24.9364357826926,77.6285765669659,3.39895901128103,0.182743921875954,0.0118577075098814,0,0.132,57.0860521376279,3.74290900199906,2181.10866108318,22.7820367098437,0.0706717100284475,0,0,0.364913782261003,0.200134772430642,0,0.591502737312233,308.346163565097,117.139465861984,0.340143424365712,0.0850861575293393,4,4.68684241419948
328,24.8881329082933,77.4978364169055,3.4192085532158,0.0709993466734886,0.00213072724440798,0.162724902876809,0.0646976824517563,2316.65451276269,139.310438042127,1915.04651009062,7.34212163096061,0.0859719103302647,0.096108688118595,0,0.240918552224977,0.130903207426354,0,0.401925504919565,241.097482620746,71.6407464284205,0.319900211891157,0.0607843230002321,20,4.69465294462267
329,24.9522100259346,77.6520278221361,3.38905440971833,0.140295207500458,0.0117889950334465,0,0.133184862449929,112.450574572538,7.32379457314685,2168.12222757401,16.9969797904837,0.0515213300870526,0,0,0.24167860234506,0,0,0.794667636374572,505.841309076098,282.20885676584,0.500049351262276,0.0736512401856829,25,4.6583392421603
330,24.8988332102752,77.5086809179869,3.41081932559193,0.213535338640213,0,0.0117660980688467,0,142.534920805754,8.65199687161955,1937.20947043888,6.336996716779,0.0691523277689883,0.0914215830207368,0,0,0,0,0.722024642642716,325.531313561935,118.328756001374,0.402647845204271,0.0803710198995287,13,4.66702596990281
331,25.0200876248332,77.8126775515851,3.36089097874872,1.24550259113312,0,0,0.351273688479111,344.739056030508,22.9115179219483,2042.86798430514,9.10622354059269,0.0405391147499855,0.00661896408640067,0,0.268749526781695,0,0.00288322182575295,0.69834523675632,534.636481415772,243.148674524732,0.520288579457132,0.107487985130529,24,4.62058766981288
332,24.9540512964478,77.6395249000642,3.38449704421463,1.49984419345856,0.00169838480602851,0,0.306225860035065,19.9702628664147,1.21749022092654,2188.66287922877,10.9924777844284,0.0303039106322927,0,0,0.0567534945094438,0,0,0.895240609411701,569.084558682696,339.702843321631,0.556495873099031,0.12738939943801,22,4.62993909459546
333,25.0009442321128,77.7468810164867,3.36506683580069,3.61407017707825,0,0,0.352640216971565,1413.21093342103,91.598694907063,2476.47636613584,6.17360703474787,0.0495262493817761,0.0451518293843358,0,0.41250909386619,0,0.0687147326276547,0.528729809677995,453.888593885321,183.971682492228,0.486842220896777,0.112278829777002,66,4.59138069535428
334,24.9411078175129,77.5880152934425,3.38632705366113,18.7164440155029,0.0202246167918056,0,0.370587165505471,2401.46466231166,147.210633862116,2273.66792510533,7.00480114077404,NA,0.0528640041245253,0,0.250028937390288,0,0.278316452978812,0.411954710589956,473.045875144024,117.476502451855,0.5515106332479,0.0873381328368347,51,4.60168452201445
335,24.8903876488313,77.4504052656306,3.40589117341588,16.1892604827881,0.0198802980935556,9.4363990491956,0.51686302163009,2995.21048663261,174.796306410469,2150.29137028158,5.8417881415919,0.0585322060836139,0.070295592801078,0,0,0,0.806771295218979,0.289792332219716,375.816973630029,22.079780776958,0.426372069534588,0.112073718168733,21,4.61219685728674
336,25.0169636556093,77.774351442921,3.35842514749707,0.888614892959595,0,0,0,444.074971235841,29.2613676127819,3421.40929873592,5.65104838709677,0.0501824116833011,0,0,0.185964776667963,0.138218430546203,0,0.525361603991396,253.657433659003,57.6836335831605,0.351622904097848,0.0832358880435803,10,4.55128952401024
337,24.9651327432094,77.6360187368681,3.37540593465623,6.55632972717285,0,0,0,1990.99071907191,131.311065886899,2446.34296995676,6.04724545517384,0.0184011485520776,0,0,0.854019502900849,0,0,0.197454170150423,430.185831119843,30.5549793325164,0.533784181729409,0.0793579900373379,200,4.56233801727988
338,24.9161513218461,77.5032979686879,3.39304464093139,10.739070892334,0,0,0.00355382596412005,2588.06072814904,171.091002098341,2445.53351818888,6.15629063625588,NA,0.00332591519061284,0,0.873897991972845,0,0.0078205821139482,0.0890986119748058,413.537044007842,0.1539002292621,0.555705468672002,0.111314407488286,159,4.57362212628234
339,24.8722568977067,77.3824627151203,3.40977985896489,11.5875005722046,5.29713585451148e-05,0.0313414810780124,0.175491532895,3164.05528958387,191.64030198233,2454.85322413615,4.57541474654378,0.062804056162663,0.0868879749516796,0,0.530666617236206,0,0.240176236838266,0.070682803426311,332.244425413148,0,0.464202358790606,0.0823182114726232,114,4.58508322132006
340,24.9858734107699,77.6800704689977,3.36757623474076,1.53357887268066,0,0.1721635073206,0,1588.44631578998,105.353604204568,3731.28310976645,14.8488526138746,0.0889504432243674,0,0,0.703150843294225,0.110667436419746,0.000222643572424288,0.133931964547292,237.295749526643,0,0.256966411065186,0.0505410114407367,15,4.50959830869173
341,24.9574156089231,77.6002264479391,3.37663189644208,3.86786222457886,0,2.70342175732996,0,946.704129591778,63.1450197763274,2672.85853972493,10.857205391084,0.0149064687503276,0,0,0.555483349086416,0.0645769327651321,0,0.308489662680294,293.43883280084,0,0.408759547065365,0.0621158222672198,67,4.52142039519038
342,24.921307927539,77.5002650422825,3.38903409552898,10.244213104248,0,2.59970889635995,0,2383.41881595842,160.106102610388,2446.01,9.64120567702694,NA,0,0,0.846555767350006,0,0,0.131780252000364,449.166084776207,3.03871038571041,0.543333229734606,0.10268179048685,135,4.53351116466526
343,24.883764630966,77.3959339265306,3.40266682859215,14.5328598022461,0,9.43635896948999,0.00949832321699665,3236.38249171688,213.163303301128,2378.88192238775,6.98552292395508,NA,0,0,0.874204896869933,0,0.0215288382425646,0.0606321661384534,437.982724070386,12.6377467105263,0.547305172494706,0.082344779730597,162,4.54580292546588
344,24.8478911713196,77.2954250288686,3.41618488868261,15.2276439666748,0.00292550117111709,11.3085017410408,0.11386528877118,3444.24159911586,212.555861449285,2346.71256739209,4.68920366828729,0.0608962798724824,0.0720628278472741,0,0.361872664963438,0,0.497488120499817,0.00867292334479039,281.755410091657,0,0.411353410994193,0.0858031041147557,62,4.5582356651481
345,24.9215073747112,77.4953977674559,3.38827764178761,8.47383117675781,0,0.388645936249258,0,4383.8696669247,291.924043064045,3757.07595344887,14.389993382628,0.045215470440261,0,0,0.43046311883435,0,0.136751422290204,0.232626585265848,515.308060406216,0,0.486529975449282,0.0932315565488642,44,4.46623240795204
346,24.9170741907601,77.4760817420398,3.38925796712165,5.00981664657593,0,1.53770620109381,1.17682482819458e-09,1798.06145752618,115.982365105708,2980.58563464536,21.1130066176344,0.0840717419455152,0,0,0.555457401728432,0,0.114617224082325,0.210267171620933,381.260264218349,0,0.374561323387861,0.0693449679202785,34,4.47885782326153
347,24.9002217107993,77.4252456541629,3.39475690813181,10.4972438812256,0,3.61264302581757,0.00319979647550368,2049.4484181794,135.668017357356,2124.85860067231,19.8813422648704,NA,0,0,0.652137668015581,0,0,0.288804472093895,471.980270227544,0,0.552546204185171,0.0769862785748202,89,4.4917922055895
348,24.8758457885351,77.35497349008,3.40323638811304,16.8879776000977,0,2.06856890501177,0.0142172959745453,3499.11452244891,226.777139114869,2079.84931609181,23.3229764291145,NA,0,0,1,0,0,0.0321993118110807,511.184628062007,0,0.567530369455378,0.100815162158168,106,4.50495696536452
349,24.8481807352121,77.2760522662563,3.41370924856046,18.8854751586914,0.000849400099220518,21.2056489244831,0.0234750301384919,3623.86376978285,220.97591847074,1881.62191577603,11.9906756150065,NA,0,0,0.719967526992811,0,0.208476324479514,0.0472387463426839,485.589313900578,0,0.538225683991268,0.0894200350189933,95,4.5182827086015
350,24.8200094337297,77.195760133254,3.4243561835778,25.6361827850342,0.00512135526117454,33.6603779742498,0.0608029633750324,4487.56865719426,256.996223437199,1948.34203456832,4.18746039244604,NA,0.0615860161778715,0,0.0553741631817054,0,0.824060364628224,0.00784804471717067,251.32007444167,0,0.360798882240676,0.0722594316691539,0,4.5317085417684
351,24.857767005295,77.2880972047405,3.40713169657997,5.54113817214966,0,6.40484935875926,0.0149994069214559,2602.208539283,171.54996759237,2409.59319637499,14.2536080101277,0.10388049226994,0,0,0.74298296128047,0,0,0.271463230965586,503.43833863583,10.9125019369759,0.470914725142823,0.105733710596062,68,4.44838500249955
352,24.8482684519738,77.256881378753,3.41036334389568,10.5470590591431,0,2.4567106592237,0.0167106967310674,1657.72615592263,110.073255328369,1858.62,17.23469663749,NA,0,0,0.86202897111455,0,0,0.170508533853523,510.832705793227,28.8828296800835,0.5361162747449,0.12080363047997,84,4.46246871852398
353,24.8322152265286,77.2088244871803,3.41662486937558,13.6450462341309,0,14.0000761812509,0.0111029410535344,2748.23222062488,182.645408392613,1858.62,25.8524509973182,NA,0,0,0.945845295096255,0,0,0.0417988175159,526.478993762166,18.317980610965,0.562152076198857,0.101532149095393,77,4.47673799420392
354,24.812356714828,77.1509758094905,3.42402274217028,12.0260133743286,0.00264247952818732,5.79007210051065,0.00390984883049343,2652.15535581754,169.999865269945,1858.62,15.1706656547013,NA,0,0,0.984603223104251,0,0,0.0574971986914013,538.488548391636,22.1789554668419,0.57264107768697,0.0913548722551699,101,4.49112236418127
355,24.7908439418778,77.0889687693678,3.43219018879504,4.77037143707275,0.0298838999044014,0.0311202847110743,0.146092335074781,643.5119909488,38.3818320458725,1858.6313140604,5.59937850668968,NA,0.0118650769997656,0,0.152520927116274,0,0.0899020286791317,0.231379682835152,196.816860004576,24.159811148112,0.253450711040701,0.0592004732959702,5,4.50556068692602
356,24.7691139944822,77.0266322941611,3.44055966215895,0.567552924156189,0.00948546308369094,0.201311865703939,0.0216171033242295,2210.16878875439,131.159218828806,2499.43172874953,3.47823034516096,0.0604354883168079,0.619143619298609,0,0,0,0.0276542908893298,0.174572772636692,210.323874891198,0,0.336872917826969,0.0490734381359381,2,4.52000023678152
357,24.806893867749,77.1142503327081,3.42061228717888,6.81939029693604,0,0.00204545675579138,0.00212136984597164,2118.12094395467,139.978147055275,2590.58396654655,7.60304960943801,0.0659865624896732,0,0,0.613668126804854,0,0.00556877136081338,0.324668591817283,404.832008272134,41.1406613017576,0.47062666569231,0.149449616741283,100,4.41825197126184
358,24.8021752639709,77.0971733661045,3.42303318700404,14.4640779495239,0,5.13572759973711,0.0110640112343965,3062.50576208504,198.192400993084,2037.86735807913,18.5738791827236,0.114572043896033,0,0,0.746844209596474,0,0,0.248233950511038,476.763510409015,43.6331155267293,0.513714570845136,0.111628457383666,63,4.43352067916713
359,24.7919619438157,77.0659712856796,3.42729981331679,16.8951835632324,0,42.1585474699493,8.30391009978769e-05,2999.02441813906,190.052154870342,1858.62,26.9531473204,NA,0,0,0.928761024990878,0,0,0.100687032668279,559.845699983219,6.04153401552046,0.586394358082471,0.0932723953185262,143,4.4489229865813
360,24.7780327877689,77.0252268865071,3.43289180896531,8.32980442047119,0.00204295630229518,3.56842387798829,0.0183659854550591,2019.41303702157,123.914968107408,1858.62,8.27050458214202,0.0294450680952809,0,0,0.742037957455547,0,0.084987799468164,0.18270500797916,470.399735940606,52.3569255147095,0.553521703401353,0.0881841952414869,54,4.46438816142231
361,24.7619566763024,76.9790650947353,3.43929504876717,2.53279685974121,0.00962404012246387,0.0367314999216311,0.069384504997569,816.306039254195,49.3172388096479,1905.0069565603,4.68200723535647,0.0713951071921369,0.0202698230109585,0,0.182427664150397,0.0378827610698256,0.116718312268719,0.40227385226839,194.947519405828,60.2741378293863,0.258934048648225,0.0389542032903834,22,4.47985559201577
362,24.7449301119936,76.9306712287733,3.44607964209687,0.0579893663525581,0.0419592585689863,0.357594031337675,0.00825690984992002,3007.78452990886,166.668456984659,2556.37727570195,3.23517686369397,0.101595847965607,0.650817477818968,0,0,0.0166297566551004,0.000111112643077728,0.170882021605005,131.495569288315,18.7605900850048,0.191913962492357,0.0662603021978022,4,4.49527367679071
363,24.7617181073407,76.9460919436585,3.43146112025842,12.2982921600342,0,6.56055273994671,0.0347486530976011,2268.19048716211,141.430099694199,2361.69268957956,9.42207938071294,0.15525372428283,0,0,0.786778809686832,0,0.0880774941626028,0.101488650220279,387.270566520584,38.5506520910358,0.479405471478423,0.0984144366436033,123,4.40502634017848
364,24.7556034953098,76.9281091760397,3.43521298573762,12.846923828125,0.00416813807188142,2.0123399896679,0.0134037225423085,4561.27665830372,282.174316644554,2139.78808806806,12.4047311852731,0.0377451104696145,0,0.0345610951307145,0.577807007292595,0,0.334878992826982,0.0796355392633282,426.799914576209,0,0.479002721113593,0.0556922580285675,83,4.42158718848008
365,24.746097206573,76.901329931038,3.43991587141299,7.05097198486328,0.000638957222198144,0,0.0102528363499416,3511.35454984638,209.630322112286,2097.33823485909,3.29801659932544,0.0267893442055282,0.0450660565116144,0.165438726837028,0.083919952744419,0.0488474403161566,0.57958458269153,0.0956549477967027,226.144844308957,0.795149448629555,0.318991972544668,0.0503657758160864,21,4.43815195807376
366,24.7343198412181,76.8687141040902,3.44527195236611,1.77792131900787,0,0,0.0317263259966932,733.504225860946,42.7435094094536,3605.4607544725,2.19357291822696,0.0766386866851077,0.31654578707841,0,0.0727890790338396,0.487762848943757,0.122902284943993,0.0267156159785454,56.3881845941169,0.264610416098849,0.096642653793582,0.0610103337850591,5,4.45466149937602
367,24.7231585031571,76.7957332909072,3.44105432215162,4.52472305297852,0.00413602874685001,0,0.0289343642366562,3554.99462654632,213.721634522513,2595.12,3.26986182328804,NA,0,0.391431446907253,0.016237945712841,0,0.362482282913626,0.197951947034586,162.843651219317,0,0.23789713707136,0.0272483592796093,72,4.39481260619637
368,24.7169180174286,76.7805814615347,3.44552634952522,0.066226176917553,NA,0,NA,0.184007281156812,0,2537.32221902116,3.51918852713535,0.0444083297572865,0.0955210112177909,0.360254423084324,0,0.162683121494748,0,0.348150064713709,34.5866978020772,0,0.0232520512945286,0.0153727445394112,0,4.412491302859
369,24.6944207213608,76.6688076827262,3.44490455702106,0.360401213169098,0.0262531861466313,0,0.420344523509936,63.682486418909,3.63921262629087,2556.25010909784,3.12664535268873,NA,0.0456156391623187,0.294885823417599,0.00843272381322244,0.389347678739951,0,0.356084751903696,69.3176679098461,17.2986445194878,0.102251796905173,0.0850735587714754,2,4.36868811086124
370,24.6905681598814,76.6635879611969,3.44975724223227,0.0566745214164257,NA,0,NA,0.467583360093429,0,2076.9792454732,2.90545391784605,0.131952833328072,0.264671467193377,0,0,0.444442069192191,0,0.558932548492105,77.387366852397,6.09684432990661,0.133007404988053,0.0166394335511983,0,4.3874893950441
371,24.5460413705834,75.2792452792867,3.46215565722811,6.05908346176147,0,0,0,2850.73036759794,176.680740326613,2555.68561697997,7.71306230814861,0.0892916571353777,0,0,0.29671368204811,0,0.123621659462989,0.56828485022993,427.00798669388,1.90876651344552,0.482944181804678,0.0647333816976674,95,3.98149196406975
372,24.5549650025484,74.3853581726353,3.65989463069731,4.60525846481323,0,0,0,1043.19377026997,69.5809632808946,1898.71732421895,9.57280558306654,0.0831460558615024,0,0,0.320625520602611,0,0,0.640093509888201,409.750425689393,7.63075169102998,0.450241428057147,0.0746964680247933,54,3.76754936672108
373,24.5503539036158,74.5632693686578,3.63313324935704,10.9536037445068,0,0,0.00669735803605236,1117.20811214274,72.7507919206723,1886.88517012547,8.33012615662769,0.0793923307409225,0,0,0.590410619626362,0,0.0122625389731573,0.432174751073582,422.279540011951,16.3996571351268,0.50013211124532,0.0668692358656301,50,3.80681238629836
374,24.5454760448959,74.8812215024548,3.55753183106539,14.8365230560303,0,0,0.00136773145295299,6051.25913692555,386.200261190757,2158.05942513712,9.08711327144141,0.0727808612649162,0,0,0.315448747540876,0,0.351778697896107,0.302207449298432,434.358289520504,0,0.474473468206838,0.0583829245324781,92,3.88392673964795
375,24.5448284799609,75.0207234215908,3.53953166330066,11.6868562698364,0,0,0.0241619922791697,3767.03475778682,229.564315959891,2076.45334191793,16.0976080358017,0.0897015369407667,0,0,0.545729227320465,0,0.139742479520337,0.352983645039154,429.839051127229,0,0.427775095279168,0.0406454711514235,65,3.92120846185637
376,24.5450451865718,75.1477705584073,3.48506790930356,28.0906047821045,0,0,0.00350577798231586,8281.62371516801,515.075808496804,1579.18075795622,7.24682625624956,0.0503362887184013,0,0,0.0607517236419291,0,0.412555356843701,0.551453015423194,316.675849929549,9.80513278692312,0.388912406733094,0.0390041007704051,16,3.95744698768157
377,24.5458747988006,75.263030159126,3.48043891697998,0,0,0,0,15.6526036481593,1.25003364627593,1558.26,2.25019703498306,NA,0.301686091089622,0,0.000767220622345839,0,0.000850327696734952,0.779844963267168,54.0000679925593,9.51646668786598,0.0733241834558954,0.0591342436053975,0,3.99258070865023
378,24.6158490307767,73.4369170681997,3.74952393325795,1.30439031124115,0,0,0.193548387096774,0.259771501427326,0.000195675009729151,1554.54450741528,10.8767206815423,0.0817058091282597,0.0076357371794678,0,0.106606238109528,0.0126919613172203,0,0.74155139757198,301.409199426326,145.100911827129,0.35401423225041,0.110310908227575,5,3.60234902201565
379,24.5987918303572,73.6913297534508,3.72687646964734,11.2522296905518,0,0.387628494334621,0.0129404737129586,3103.39949229127,192.446438291495,1557.65396440276,8.45933275812482,0.0886635149972108,0,0,0.417416843214563,0.000427116220647981,0,0.514220036499479,310.151799132964,127.439020623175,0.407401422831681,0.119473688445043,15,3.64471076845893
380,24.583875853598,73.9357958902035,3.70349594269124,11.5281734466553,0,11.4138489145244,0.0160371639263552,6682.17211338528,414.36534873695,1558.17943105265,7.79285164374275,0.0833265130709308,0,0,0.61969687381291,0,0.0192101893519144,0.367151088125711,301.412184669196,46.6477195306069,0.422535479306724,0.0898324144027269,10,3.68847195501436
381,24.5716736574763,74.1634287768894,3.67931510932955,15.9314460754395,0,0.586151085474094,0.00396550038508665,4602.6694802494,285.650230973725,1558.26,15.2687590602637,0.045878205933359,0,0,0.394107014921055,0,0.262620139363816,0.347841244783912,452.834247652876,18.7043821410784,0.51424587100951,0.0585002193986569,15,3.73234146060864
382,24.5621778019157,74.3719158320896,3.65481387153803,30.272834777832,0.0104121737884062,0.0063230676984353,0.00031226422864949,9739.92931269748,591.179026385256,1558.26,14.2386346638438,NA,0,0,0.392140934195829,0,0.55843388401539,0.0982295105838505,487.248943142667,3.20257484702397,0.53498276663086,0.0486714394787311,18,3.77557188144609
383,24.5551181029009,74.5612224957826,3.63105205224385,41.1378326416016,0.0244303946485017,4.21667066483183,0.00227543626679231,16310.2283267124,964.037395353626,1558.26,8.72366144561,NA,0,0,0.0371385119823692,0,0.845104305218841,0.161227536727608,378.583148845683,6.43301407952882,0.498787639799325,0.0553739904000321,1,3.81774677933847
384,24.5501262776088,74.7323421995302,3.60945638456175,32.1519813537598,0,0.213236749375349,0.0123100023327964,16360.1105590884,1018.95973699585,1558.26,8.85310718210428,0.0678327470698036,0,0,0.0377124429018257,0.0121646263384494,0.908356062521719,0.110263028434084,306.260344607262,1.35019114032626,0.408483682967343,0.0287188616536443,0,3.85864763995914
385,24.5468162900052,74.8866563615327,3.56416747220089,7.37785768508911,0,0,0.0205656993693564,3621.06344773329,243.674661354377,1558.60553908498,4.95231437530566,0.0690975464109206,0,0,0.140735242237225,0.0260487495596965,0.17575036809231,0.468338688035202,165.740477740681,0,0.245361112572692,0.0515235407596519,10,3.89817358926487
386,24.544821498597,75.025623982187,3.55104115335981,0.427737921476364,0,0,0,175.990060243042,11.2710948705165,1558.81379186884,2.43989413727634,0.0547202638889868,0,0,0.0282734246356624,0.0156796690873309,0,0.564501626357074,54.6476765648028,0.971873359282606,0.0885353817092135,0.0371294947336614,0,3.93629338361619
387,24.6571312148673,73.0647226290476,3.75952531389324,1.93128299713135,0,0,0.32452414184703,1379.67060802454,87.8961293670241,1556.52909168211,5.85845059070079,0.056472202589455,0.0979180689461484,0,0.122654687555477,0.343186164738744,0.0672234172098039,0.137112173080316,181.658328997186,14.6905348950984,0.270811138695906,0.139063858595109,6,3.5540708919911
388,24.6292601882888,73.3923361718147,3.73864093241926,20.260913848877,0,32.4206456993498,0.0628548889541016,11688.3089532905,709.001939672413,1558.39745134632,6.74037736283604,NA,0.0387641422615311,0,0.731790327889767,0.0170272527171844,0.159184786503497,0.0781757456708765,343.212709077381,17.9081874556138,0.447008080954525,0.0618938025708859,0,3.60389264534717
389,24.6062094137827,73.6910962562617,3.71667756743534,38.1833801269531,0.0137979971436483,2.07110221245881,0.0857031880973679,12460.8786938525,731.388460734419,1558.26,7.19085181669111,NA,0,0,0.877741850551869,0,0.0237957245253829,0.0865980538774365,371.780866127444,9.49617250867148,0.482852423631997,0.0695672334995252,0,3.65354067783561
390,24.5878381912372,73.9588543967086,3.69406524527979,19.9340858459473,0.00107847942945329,0,0.00864534385666571,8904.32120000594,552.791093707463,1558.26,7.91979844514828,0.0932289814697937,0,0,0.715219351120569,0.00100654247077155,0.0687934747674624,0.183107046726946,373.445664599261,0.564219405397741,0.436053953217887,0.0506117724867725,4,3.70203252121297
391,24.5735779966016,74.1972319014089,3.67136162908239,3.57343149185181,0,0.908514963542481,0.00455570514170963,2673.27641568057,155.271645726139,1559.32797459982,4.59294430655295,0.101921489996055,0,0,0.375733003557039,0.0777183612615293,0.17022879309833,0.243837850322625,246.22273201778,3.01956241848871,0.252856310636393,0.0665020293492516,0,3.74891143337123
392,24.5627610547949,74.4090999245988,3.64933791294178,2.23858737945557,0,1.20177548181197,0.00742349333745472,817.857802912563,49.1607488623245,1561.17902066801,3.81444633691624,0.0822330741401757,0,0,0.159395411376337,0.140933046470986,0.0549255502484068,0.572064137620109,175.116371328151,37.3917018347469,0.276264748653249,0.0279312259091671,2,3.79399388495088
393,24.5547476438473,74.5975185922437,3.62889894223744,0.145424365997314,0,0.453479072753138,0.0256114614208915,93.97224412686,5.21970704722753,1583.33271734396,3.72090893909117,0.0843261783211401,0,0,0.0628338610478252,0.530301558359828,0.0127053589245082,0.411330956627601,97.1672629454819,23.1057168845767,0.173143510106942,0.0663064077126577,6,3.83723791974057
394,24.656862832874,73.1279280874904,3.74447047852694,3.70249676704407,0,6.32867475313181,0.266849121417072,663.648071666006,39.951290934569,1594.94324845987,14.970013878731,0.0836162064817582,0.0801066556732876,0,0.346725209827414,0.135573532095009,0.0143105492754057,0.379774280275679,233.741609055852,19.3334835896875,0.35343688584664,0.0536912675801565,10,3.57050025435791
395,24.6260139091999,73.4785004622463,3.72451356362407,11.7422780990601,0.085194636753548,21.2039938359891,0.486210671731665,4206.41840699002,238.59912432928,1566.6080018716,5.56281418596358,0.0833911654319228,0.111581413366272,0,0.414455553063245,0.0952663095037197,0.0134269967401845,0.269446928211215,180.34532505337,11.5869336550287,0.277973702128137,0.0401840058090058,6,3.62544830634353
396,24.6019919193588,73.7824951523358,3.70369366157624,11.617733001709,0.00376338028283877,2.58795500478846,0.00271515080259655,2818.59502419077,167.228841991965,1565.2019908112,5.22210448723855,0.0905531133925433,0,0,0.335508711375742,0.153103104309432,0.0577802618809942,0.408775263021642,153.486510160518,8.07135660442376,0.193365827279388,0.056440977114054,0,3.67788168735819
